map_id,algorithm,solved,expansions,path_cost,search_time_sec,mean_lambda,mean_variance,plan_length,verified
1,Classical A*,True,243,15.0,0.0155,,,15,True
1,Paper Learned A*,True,51,15.0,3.4337,,,15,True
1,Paper Learned GBFS,True,17,15.0,0.2335,,,15,True
1,Fixed 50/50 Hybrid A*,True,36,15.0,2.1909,0.50,0.00,15,True
1,Fixed 50/50 Hybrid GBFS,True,27,15.0,0.2144,0.50,0.00,15,True
1,Confidence-Aware Hybrid A* (Ours),True,24,15.0,0.2141,0.8064,0.0605,15,True
1,Confidence-Aware Hybrid GBFS (Ours),True,24,15.0,0.2924,0.8400,0.0500,15,True
2,Classical A*,True,3292,23.0,0.1634,,,23,True
2,Paper Learned A*,True,134,23.0,0.9188,,,23,True
2,Paper Learned GBFS,True,24,23.0,0.1905,,,23,True
2,Fixed 50/50 Hybrid A*,True,92,23.0,0.8093,0.50,0.00,23,True
2,Fixed 50/50 Hybrid GBFS,True,68,35.0,0.5428,0.50,0.00,35,True
2,Confidence-Aware Hybrid A* (Ours),True,66,23.0,0.6842,0.8666,0.0417,23,True
2,Confidence-Aware Hybrid GBFS (Ours),True,63,31.0,0.5427,0.9336,0.0208,31,True
3,Classical A*,True,154,10.0,0.0070,,,10,True
3,Paper Learned A*,True,19,10.0,0.1412,,,10,True
3,Paper Learned GBFS,True,11,10.0,0.1062,,,10,True
3,Fixed 50/50 Hybrid A*,True,14,10.0,0.1463,0.50,0.00,10,True
3,Fixed 50/50 Hybrid GBFS,True,11,10.0,0.1149,0.50,0.00,10,True
3,Confidence-Aware Hybrid A* (Ours),True,14,10.0,0.1299,0.8563,0.0449,10,True
3,Confidence-Aware Hybrid GBFS (Ours),True,17,10.0,0.2219,0.8678,0.0413,10,True
4,Classical A*,True,2312,28.0,0.0935,,,28,True
4,Paper Learned A*,True,462,28.0,2.6756,,,28,True
4,Paper Learned GBFS,True,214,28.0,1.3772,,,28,True
4,Fixed 50/50 Hybrid A*,True,106,28.0,0.7383,0.50,0.00,28,True
4,Fixed 50/50 Hybrid GBFS,True,219,32.0,1.5163,0.50,0.00,32,True
4,Confidence-Aware Hybrid A* (Ours),True,141,28.0,0.8937,0.8987,0.0317,28,True
4,Confidence-Aware Hybrid GBFS (Ours),True,37,32.0,0.2946,0.8709,0.0403,32,True
5,Classical A*,True,3202,27.0,0.0868,,,27,True
5,Paper Learned A*,True,197,27.0,1.2659,,,27,True
5,Paper Learned GBFS,True,38,29.0,0.2977,,,29,True
5,Fixed 50/50 Hybrid A*,True,84,27.0,0.6130,0.50,0.00,27,True
5,Fixed 50/50 Hybrid GBFS,True,68,27.0,0.6396,0.50,0.00,27,True
5,Confidence-Aware Hybrid A* (Ours),True,87,27.0,0.7324,0.8710,0.0403,27,True
5,Confidence-Aware Hybrid GBFS (Ours),True,64,29.0,0.5493,0.8661,0.0418,29,True
6,Classical A*,True,1511,19.0,0.0669,,,19,True
6,Paper Learned A*,True,123,19.0,0.9763,,,19,True
6,Paper Learned GBFS,True,20,19.0,0.1556,,,19,True
6,Fixed 50/50 Hybrid A*,True,304,37.0,2.3623,0.50,0.00,37,True
6,Fixed 50/50 Hybrid GBFS,True,141,33.0,1.0518,0.50,0.00,33,True
6,Confidence-Aware Hybrid A* (Ours),True,243,37.0,2.1184,0.8867,0.0354,37,True
6,Confidence-Aware Hybrid GBFS (Ours),True,71,37.0,0.6109,0.8630,0.0428,37,True
7,Classical A*,True,9693,29.0,0.3637,,,29,True
7,Paper Learned A*,True,344,29.0,2.3057,,,29,True
7,Paper Learned GBFS,True,189,29.0,1.4217,,,29,True
7,Fixed 50/50 Hybrid A*,True,442,29.0,3.4704,0.50,0.00,29,True
7,Fixed 50/50 Hybrid GBFS,True,330,36.0,2.5461,0.50,0.00,36,True
7,Confidence-Aware Hybrid A* (Ours),True,139,29.0,1.2374,0.9217,0.0245,29,True
7,Confidence-Aware Hybrid GBFS (Ours),True,262,29.0,2.2032,0.8992,0.0315,29,True
8,Classical A*,True,9597,33.0,0.3402,,,33,True
8,Paper Learned A*,True,237,33.0,1.6688,,,33,True
8,Paper Learned GBFS,True,69,33.0,0.5559,,,33,True
8,Fixed 50/50 Hybrid A*,True,108,33.0,0.8516,0.50,0.00,33,True
8,Fixed 50/50 Hybrid GBFS,True,100,33.0,0.6736,0.50,0.00,33,True
8,Confidence-Aware Hybrid A* (Ours),True,84,33.0,0.7886,0.9248,0.0235,33,True
8,Confidence-Aware Hybrid GBFS (Ours),True,60,35.0,0.4738,0.9259,0.0231,35,True
9,Classical A*,True,18944,28.0,0.7194,,,28,True
9,Paper Learned A*,True,295,28.0,2.3830,,,28,True
9,Paper Learned GBFS,True,32,30.0,0.3514,,,30,True
9,Fixed 50/50 Hybrid A*,True,104,28.0,0.9289,0.50,0.00,28,True
9,Fixed 50/50 Hybrid GBFS,True,20662,38.0,151.4094,0.50,0.00,38,True
9,Confidence-Aware Hybrid A* (Ours),True,112,32.0,0.9475,0.9039,0.0300,32,True
9,Confidence-Aware Hybrid GBFS (Ours),True,54,34.0,0.5370,0.9020,0.0306,34,True
10,Classical A*,True,815,15.0,0.0307,,,15,True
10,Paper Learned A*,True,88,15.0,0.6067,,,15,True
10,Paper Learned GBFS,True,18,17.0,0.1543,,,17,True
10,Fixed 50/50 Hybrid A*,True,28,15.0,0.3193,0.50,0.00,15,True
10,Fixed 50/50 Hybrid GBFS,True,20,15.0,0.2138,0.50,0.00,15,True
10,Confidence-Aware Hybrid A* (Ours),True,28,15.0,0.3127,0.8198,0.0563,15,True
10,Confidence-Aware Hybrid GBFS (Ours),True,21,17.0,0.2505,0.8826,0.0367,17,True
11,Classical A*,True,18105,39.0,0.4984,,,39,True
11,Paper Learned A*,True,1854,39.0,12.3753,,,39,True
11,Paper Learned GBFS,True,1319,39.0,5.9110,,,39,True
11,Fixed 50/50 Hybrid A*,True,772,39.0,5.0661,0.50,0.00,39,True
11,Fixed 50/50 Hybrid GBFS,True,16631,51.0,100.2782,0.50,0.00,51,True
11,Confidence-Aware Hybrid A* (Ours),True,308,43.0,2.4586,0.9053,0.0296,43,True
11,Confidence-Aware Hybrid GBFS (Ours),True,15986,45.0,116.3163,0.8353,0.0515,45,True
12,Classical A*,True,36208,34.0,0.9740,,,34,True
12,Paper Learned A*,True,3885,34.0,18.5901,,,34,True
12,Paper Learned GBFS,True,3075,34.0,14.2152,,,34,True
12,Fixed 50/50 Hybrid A*,True,519,34.0,3.1806,0.50,0.00,34,True
12,Fixed 50/50 Hybrid GBFS,True,1308,34.0,7.3437,0.50,0.00,34,True
12,Confidence-Aware Hybrid A* (Ours),True,534,36.0,3.7570,0.8546,0.0454,36,True
12,Confidence-Aware Hybrid GBFS (Ours),True,1176,34.0,7.3358,0.8322,0.0524,34,True
13,Classical A*,True,2516,20.0,0.0742,,,20,True
13,Paper Learned A*,True,95,20.0,0.5475,,,20,True
13,Paper Learned GBFS,True,21,20.0,0.1365,,,20,True
13,Fixed 50/50 Hybrid A*,True,168,32.0,1.1682,0.50,0.00,32,True
13,Fixed 50/50 Hybrid GBFS,True,92,32.0,0.6143,0.50,0.00,32,True
13,Confidence-Aware Hybrid A* (Ours),True,46,20.0,0.3992,0.8916,0.0339,20,True
13,Confidence-Aware Hybrid GBFS (Ours),True,34,20.0,0.2795,0.8573,0.0446,20,True
14,Classical A*,True,17423,33.0,0.4991,,,33,True
14,Paper Learned A*,True,1484,33.0,7.1318,,,33,True
14,Paper Learned GBFS,True,389,35.0,1.7183,,,35,True
14,Fixed 50/50 Hybrid A*,True,449,33.0,2.9389,0.50,0.00,33,True
14,Fixed 50/50 Hybrid GBFS,True,1455,41.0,8.4827,0.50,0.00,41,True
14,Confidence-Aware Hybrid A* (Ours),True,113,33.0,0.8568,0.9085,0.0286,33,True
14,Confidence-Aware Hybrid GBFS (Ours),True,2025,43.0,12.4224,0.8354,0.0514,43,True
15,Classical A*,True,1985,21.0,0.0532,,,21,True
15,Paper Learned A*,True,34,21.0,0.2308,,,21,True
15,Paper Learned GBFS,True,38,30.0,0.2060,,,30,True
15,Fixed 50/50 Hybrid A*,True,52,21.0,0.3873,0.50,0.00,21,True
15,Fixed 50/50 Hybrid GBFS,True,30,21.0,0.3036,0.50,0.00,21,True
15,Confidence-Aware Hybrid A* (Ours),True,48,21.0,0.3595,0.9063,0.0293,21,True
15,Confidence-Aware Hybrid GBFS (Ours),True,26,21.0,0.2199,0.8903,0.0343,21,True
16,Classical A*,True,1336,19.0,0.0349,,,19,True
16,Paper Learned A*,True,154,19.0,0.8838,,,19,True
16,Paper Learned GBFS,True,22,21.0,0.1167,,,21,True
16,Fixed 50/50 Hybrid A*,True,50,19.0,0.3651,0.50,0.00,19,True
16,Fixed 50/50 Hybrid GBFS,True,46,19.0,0.3121,0.50,0.00,19,True
16,Confidence-Aware Hybrid A* (Ours),True,36,19.0,0.2861,0.8798,0.0376,19,True
16,Confidence-Aware Hybrid GBFS (Ours),True,29,19.0,0.2040,0.8807,0.0373,19,True
17,Classical A*,True,1774,19.0,0.0491,,,19,True
17,Paper Learned A*,True,134,19.0,0.7398,,,19,True
17,Paper Learned GBFS,True,31,25.0,0.1729,,,25,True
17,Fixed 50/50 Hybrid A*,True,73,23.0,0.5834,0.50,0.00,23,True
17,Fixed 50/50 Hybrid GBFS,True,33,23.0,0.2742,0.50,0.00,23,True
17,Confidence-Aware Hybrid A* (Ours),True,53,23.0,0.4003,0.8768,0.0385,23,True
17,Confidence-Aware Hybrid GBFS (Ours),True,36,23.0,0.3759,0.8692,0.0409,23,True
18,Classical A*,True,1089,19.0,0.0563,,,19,True
18,Paper Learned A*,True,61,19.0,0.3372,,,19,True
18,Paper Learned GBFS,True,20,19.0,0.1366,,,19,True
18,Fixed 50/50 Hybrid A*,True,55,21.0,0.5402,0.50,0.00,21,True
18,Fixed 50/50 Hybrid GBFS,True,32,23.0,0.2471,0.50,0.00,23,True
18,Confidence-Aware Hybrid A* (Ours),True,36,21.0,0.2752,0.8676,0.0414,21,True
18,Confidence-Aware Hybrid GBFS (Ours),True,33,21.0,0.3176,0.8737,0.0395,21,True
19,Classical A*,True,78,10.0,0.0029,,,10,True
19,Paper Learned A*,True,15,10.0,0.0790,,,10,True
19,Paper Learned GBFS,True,11,10.0,0.0765,,,10,True
19,Fixed 50/50 Hybrid A*,True,211,10.0,1.3962,0.50,0.00,10,True
19,Fixed 50/50 Hybrid GBFS,True,307,30.0,1.9237,0.50,0.00,30,True
19,Confidence-Aware Hybrid A* (Ours),True,79,20.0,0.6353,0.8214,0.0558,20,True
19,Confidence-Aware Hybrid GBFS (Ours),True,242,28.0,1.6786,0.8251,0.0547,28,True
20,Classical A*,True,7107,24.0,0.1748,,,24,True
20,Paper Learned A*,True,316,24.0,1.6734,,,24,True
20,Paper Learned GBFS,True,67,26.0,0.3550,,,26,True
20,Fixed 50/50 Hybrid A*,True,180,26.0,1.2106,0.50,0.00,26,True
20,Fixed 50/50 Hybrid GBFS,True,1726,26.0,10.2454,0.50,0.00,26,True
20,Confidence-Aware Hybrid A* (Ours),True,116,26.0,0.9227,0.8873,0.0352,26,True
20,Confidence-Aware Hybrid GBFS (Ours),True,70,28.0,0.5198,0.9152,0.0265,28,True
21,Classical A*,True,12097,34.0,0.3108,,,34,True
21,Paper Learned A*,True,931,34.0,4.5483,,,34,True
21,Paper Learned GBFS,True,42,40.0,0.2531,,,40,True
21,Fixed 50/50 Hybrid A*,True,795,38.0,4.7807,0.50,0.00,38,True
21,Fixed 50/50 Hybrid GBFS,True,1020,36.0,5.6777,0.50,0.00,36,True
21,Confidence-Aware Hybrid A* (Ours),True,295,34.0,2.2267,0.8998,0.0313,34,True
21,Confidence-Aware Hybrid GBFS (Ours),True,99,42.0,0.8151,0.8883,0.0349,42,True
22,Classical A*,True,2384,21.0,0.0706,,,21,True
22,Paper Learned A*,True,54,21.0,0.3175,,,21,True
22,Paper Learned GBFS,True,24,23.0,0.2297,,,23,True
22,Fixed 50/50 Hybrid A*,True,77,25.0,0.6046,0.50,0.00,25,True
22,Fixed 50/50 Hybrid GBFS,True,34,21.0,0.3199,0.50,0.00,21,True
22,Confidence-Aware Hybrid A* (Ours),True,101,23.0,0.7455,0.8983,0.0318,23,True
22,Confidence-Aware Hybrid GBFS (Ours),True,50,25.0,0.4621,0.8944,0.0330,25,True
23,Classical A*,True,6494,31.0,0.1434,,,31,True
23,Paper Learned A*,True,1002,31.0,4.8747,,,31,True
23,Paper Learned GBFS,True,2119,38.0,9.5413,,,38,True
23,Fixed 50/50 Hybrid A*,True,1174,37.0,6.8539,0.50,0.00,37,True
23,Fixed 50/50 Hybrid GBFS,True,5596,38.0,31.6329,0.50,0.00,38,True
23,Confidence-Aware Hybrid A* (Ours),True,777,31.0,4.8763,0.8661,0.0418,31,True
23,Confidence-Aware Hybrid GBFS (Ours),True,8063,32.0,44.4430,0.8110,0.0591,32,True
24,Classical A*,True,41750,30.0,1.0790,,,30,True
24,Paper Learned A*,True,1814,30.0,8.8517,,,30,True
24,Paper Learned GBFS,True,64,34.0,0.4088,,,34,True
24,Fixed 50/50 Hybrid A*,True,157,32.0,1.1055,0.50,0.00,32,True
24,Fixed 50/50 Hybrid GBFS,True,113,32.0,0.7998,0.50,0.00,32,True
24,Confidence-Aware Hybrid A* (Ours),True,194,32.0,1.4742,0.8915,0.0339,32,True
24,Confidence-Aware Hybrid GBFS (Ours),True,77,40.0,0.6726,0.8987,0.0316,40,True
25,Classical A*,True,1544,18.0,0.0414,,,18,True
25,Paper Learned A*,True,107,18.0,0.7151,,,18,True
25,Paper Learned GBFS,True,20,18.0,0.1169,,,18,True
25,Fixed 50/50 Hybrid A*,True,362,18.0,2.7460,0.50,0.00,18,True
25,Fixed 50/50 Hybrid GBFS,True,399,20.0,2.4919,0.50,0.00,20,True
25,Confidence-Aware Hybrid A* (Ours),True,77,18.0,0.5299,0.8502,0.0468,18,True
25,Confidence-Aware Hybrid GBFS (Ours),True,53,18.0,0.4203,0.8528,0.0460,18,True
26,Classical A*,True,5451,24.0,0.1353,,,24,True
26,Paper Learned A*,True,413,24.0,2.3304,,,24,True
26,Paper Learned GBFS,True,29,28.0,0.1876,,,28,True
26,Fixed 50/50 Hybrid A*,True,89,24.0,0.6681,0.50,0.00,24,True
26,Fixed 50/50 Hybrid GBFS,True,40,28.0,0.3196,0.50,0.00,28,True
26,Confidence-Aware Hybrid A* (Ours),True,60,26.0,0.4017,0.9051,0.0297,26,True
26,Confidence-Aware Hybrid GBFS (Ours),True,73,40.0,0.5370,0.8902,0.0343,40,True
27,Classical A*,True,189,15.0,0.0056,,,15,True
27,Paper Learned A*,True,30,15.0,0.2053,,,15,True
27,Paper Learned GBFS,True,16,15.0,0.1065,,,15,True
27,Fixed 50/50 Hybrid A*,True,30,15.0,0.2426,0.50,0.00,15,True
27,Fixed 50/50 Hybrid GBFS,True,23,15.0,0.1880,0.50,0.00,15,True
27,Confidence-Aware Hybrid A* (Ours),True,33,15.0,0.3453,0.8962,0.0325,15,True
27,Confidence-Aware Hybrid GBFS (Ours),True,27,17.0,0.2207,0.8905,0.0342,17,True
28,Classical A*,True,2390,19.0,0.0642,,,19,True
28,Paper Learned A*,True,94,19.0,0.4719,,,19,True
28,Paper Learned GBFS,True,248,21.0,1.4475,,,21,True
28,Fixed 50/50 Hybrid A*,True,160,21.0,1.0809,0.50,0.00,21,True
28,Fixed 50/50 Hybrid GBFS,True,12089,21.0,69.6564,0.50,0.00,21,True
28,Confidence-Aware Hybrid A* (Ours),True,157,21.0,1.0637,0.8509,0.0466,21,True
28,Confidence-Aware Hybrid GBFS (Ours),True,13801,21.0,98.3431,0.8092,0.0596,21,True
29,Classical A*,True,2383,23.0,0.1030,,,23,True
29,Paper Learned A*,True,158,23.0,1.3735,,,23,True
29,Paper Learned GBFS,True,27,23.0,0.2208,,,23,True
29,Fixed 50/50 Hybrid A*,True,87,29.0,1.0240,0.50,0.00,29,True
29,Fixed 50/50 Hybrid GBFS,True,64,31.0,0.8440,0.50,0.00,31,True
29,Confidence-Aware Hybrid A* (Ours),True,55,25.0,0.6701,0.8784,0.0380,25,True
29,Confidence-Aware Hybrid GBFS (Ours),True,38,25.0,0.4428,0.8114,0.0589,25,True
30,Classical A*,True,8859,29.0,0.3206,,,29,True
30,Paper Learned A*,True,1081,29.0,9.9111,,,29,True
30,Paper Learned GBFS,True,142,29.0,1.5517,,,29,True
30,Fixed 50/50 Hybrid A*,True,1230,29.0,11.9750,0.50,0.00,29,True
30,Fixed 50/50 Hybrid GBFS,True,362,40.0,3.3494,0.50,0.00,40,True
30,Confidence-Aware Hybrid A* (Ours),True,289,29.0,2.8912,0.8842,0.0362,29,True
30,Confidence-Aware Hybrid GBFS (Ours),True,146,29.0,1.5079,0.8853,0.0358,29,True
31,Classical A*,True,91,12.0,0.0044,,,12,True
31,Paper Learned A*,True,23,12.0,0.2346,,,12,True
31,Paper Learned GBFS,True,19,16.0,0.1694,,,16,True
31,Fixed 50/50 Hybrid A*,True,17,12.0,0.1839,0.50,0.00,12,True
31,Fixed 50/50 Hybrid GBFS,True,18,12.0,0.1820,0.50,0.00,12,True
31,Confidence-Aware Hybrid A* (Ours),True,21,14.0,0.2560,0.8282,0.0537,14,True
31,Confidence-Aware Hybrid GBFS (Ours),True,22,12.0,0.2396,0.8660,0.0419,12,True
32,Classical A*,True,7110,27.0,0.2152,,,27,True
32,Paper Learned A*,True,249,27.0,1.9179,,,27,True
32,Paper Learned GBFS,True,43,38.0,0.4755,,,38,True
32,Fixed 50/50 Hybrid A*,True,155,31.0,1.4335,0.50,0.00,31,True
32,Fixed 50/50 Hybrid GBFS,True,41,31.0,0.3991,0.50,0.00,31,True
32,Confidence-Aware Hybrid A* (Ours),True,96,30.0,0.9691,0.8914,0.0339,30,True
32,Confidence-Aware Hybrid GBFS (Ours),True,90,41.0,1.1606,0.9097,0.0282,41,True
33,Classical A*,True,1013,23.0,0.0376,,,23,True
33,Paper Learned A*,True,244,23.0,1.9900,,,23,True
33,Paper Learned GBFS,True,24,23.0,0.3050,,,23,True
33,Fixed 50/50 Hybrid A*,True,58,24.0,0.7456,0.50,0.00,24,True
33,Fixed 50/50 Hybrid GBFS,True,32,24.0,0.3530,0.50,0.00,24,True
33,Confidence-Aware Hybrid A* (Ours),True,41,24.0,0.3785,0.8822,0.0368,24,True
33,Confidence-Aware Hybrid GBFS (Ours),True,38,26.0,0.4426,0.9330,0.0209,26,True
34,Classical A*,True,135,14.0,0.0051,,,14,True
34,Paper Learned A*,True,34,14.0,0.4774,,,14,True
34,Paper Learned GBFS,True,20,18.0,0.2173,,,18,True
34,Fixed 50/50 Hybrid A*,True,22,14.0,0.2267,0.50,0.00,14,True
34,Fixed 50/50 Hybrid GBFS,True,27,18.0,0.3124,0.50,0.00,18,True
34,Confidence-Aware Hybrid A* (Ours),True,32,18.0,0.2756,0.8805,0.0373,18,True
34,Confidence-Aware Hybrid GBFS (Ours),True,26,18.0,0.2893,0.9066,0.0292,18,True
35,Classical A*,True,556,17.0,0.0168,,,17,True
35,Paper Learned A*,True,80,17.0,0.7368,,,17,True
35,Paper Learned GBFS,True,18,17.0,0.1689,,,17,True
35,Fixed 50/50 Hybrid A*,True,41,19.0,0.4676,0.50,0.00,19,True
35,Fixed 50/50 Hybrid GBFS,True,31,21.0,0.3152,0.50,0.00,21,True
35,Confidence-Aware Hybrid A* (Ours),True,40,19.0,0.4778,0.8828,0.0366,19,True
35,Confidence-Aware Hybrid GBFS (Ours),True,21,17.0,0.3098,0.8913,0.0340,17,True
36,Classical A*,True,8286,25.0,0.2576,,,25,True
36,Paper Learned A*,True,827,25.0,6.6179,,,25,True
36,Paper Learned GBFS,True,280,28.0,2.2402,,,28,True
36,Fixed 50/50 Hybrid A*,True,228,26.0,2.3453,0.50,0.00,26,True
36,Fixed 50/50 Hybrid GBFS,True,55,30.0,0.6926,0.50,0.00,30,True
36,Confidence-Aware Hybrid A* (Ours),True,203,29.0,2.2890,0.8674,0.0415,29,True
36,Confidence-Aware Hybrid GBFS (Ours),True,46,26.0,0.5780,0.8694,0.0408,26,True
37,Classical A*,False,100000,inf,3.0929,,,0,False
37,Paper Learned A*,True,22092,60.0,104.9920,,,60,True
37,Paper Learned GBFS,True,2211,76.0,9.9978,,,76,True
37,Fixed 50/50 Hybrid A*,True,21384,60.0,135.4514,0.50,0.00,60,True
37,Fixed 50/50 Hybrid GBFS,True,2179,78.0,12.1537,0.50,0.00,78,True
37,Confidence-Aware Hybrid A* (Ours),True,25991,62.0,156.7771,0.8589,0.0441,62,True
37,Confidence-Aware Hybrid GBFS (Ours),True,391,78.0,2.4360,0.9411,0.0184,78,True
38,Classical A*,True,6548,28.0,0.1456,,,28,True
38,Paper Learned A*,True,385,28.0,1.9437,,,28,True
38,Paper Learned GBFS,True,373,36.0,1.7295,,,36,True
38,Fixed 50/50 Hybrid A*,True,245,28.0,1.3911,0.50,0.00,28,True
38,Fixed 50/50 Hybrid GBFS,True,868,44.0,4.6419,0.50,0.00,44,True
38,Confidence-Aware Hybrid A* (Ours),True,299,28.0,1.6724,0.8775,0.0383,28,True
38,Confidence-Aware Hybrid GBFS (Ours),True,340,34.0,1.9030,0.8758,0.0388,34,True
39,Classical A*,True,8390,32.0,0.2218,,,32,True
39,Paper Learned A*,True,1417,32.0,5.7064,,,32,True
39,Paper Learned GBFS,True,808,34.0,3.1027,,,34,True
39,Fixed 50/50 Hybrid A*,True,706,33.0,3.4147,0.50,0.00,33,True
39,Fixed 50/50 Hybrid GBFS,True,1894,33.0,9.3597,0.50,0.00,33,True
39,Confidence-Aware Hybrid A* (Ours),True,154,33.0,0.7624,0.8713,0.0402,33,True
39,Confidence-Aware Hybrid GBFS (Ours),True,1789,37.0,9.1330,0.8097,0.0595,37,True
40,Classical A*,True,4423,25.0,0.0951,,,25,True
40,Paper Learned A*,True,351,25.0,1.6135,,,25,True
40,Paper Learned GBFS,True,208,30.0,0.8380,,,30,True
40,Fixed 50/50 Hybrid A*,True,601,25.0,3.7561,0.50,0.00,25,True
40,Fixed 50/50 Hybrid GBFS,True,343,30.0,1.8032,0.50,0.00,30,True
40,Confidence-Aware Hybrid A* (Ours),True,215,30.0,1.3800,0.8824,0.0367,30,True
40,Confidence-Aware Hybrid GBFS (Ours),True,162,30.0,0.9563,0.8794,0.0377,30,True
41,Classical A*,True,1034,23.0,0.0214,,,23,True
41,Paper Learned A*,True,190,23.0,1.2079,,,23,True
41,Paper Learned GBFS,True,24,23.0,0.1536,,,23,True
41,Fixed 50/50 Hybrid A*,True,53,23.0,0.4277,0.50,0.00,23,True
41,Fixed 50/50 Hybrid GBFS,True,28,24.0,0.2118,0.50,0.00,24,True
41,Confidence-Aware Hybrid A* (Ours),True,41,23.0,0.3604,0.8871,0.0353,23,True
41,Confidence-Aware Hybrid GBFS (Ours),True,37,23.0,0.2540,0.8524,0.0461,23,True
42,Classical A*,True,418,13.0,0.0137,,,13,True
42,Paper Learned A*,True,28,13.0,0.1879,,,13,True
42,Paper Learned GBFS,True,16,15.0,0.0857,,,15,True
42,Fixed 50/50 Hybrid A*,True,24,13.0,0.2571,0.50,0.00,13,True
42,Fixed 50/50 Hybrid GBFS,True,19,15.0,0.2178,0.50,0.00,15,True
42,Confidence-Aware Hybrid A* (Ours),True,37,15.0,0.3720,0.8606,0.0436,15,True
42,Confidence-Aware Hybrid GBFS (Ours),True,24,15.0,0.2324,0.8874,0.0352,15,True
43,Classical A*,True,12961,31.0,0.3653,,,31,True
43,Paper Learned A*,True,894,31.0,4.4135,,,31,True
43,Paper Learned GBFS,True,328,38.0,1.2848,,,38,True
43,Fixed 50/50 Hybrid A*,True,258,39.0,1.5041,0.50,0.00,39,True
43,Fixed 50/50 Hybrid GBFS,True,306,39.0,1.6536,0.50,0.00,39,True
43,Confidence-Aware Hybrid A* (Ours),True,131,33.0,0.9176,0.8919,0.0338,33,True
43,Confidence-Aware Hybrid GBFS (Ours),True,91,35.0,0.7023,0.9090,0.0284,35,True
44,Classical A*,True,12607,33.0,0.2997,,,33,True
44,Paper Learned A*,True,1127,33.0,4.4847,,,33,True
44,Paper Learned GBFS,True,407,43.0,1.8222,,,43,True
44,Fixed 50/50 Hybrid A*,True,523,35.0,2.8697,0.50,0.00,35,True
44,Fixed 50/50 Hybrid GBFS,True,554,33.0,3.1690,0.50,0.00,33,True
44,Confidence-Aware Hybrid A* (Ours),True,492,33.0,2.6382,0.8619,0.0431,33,True
44,Confidence-Aware Hybrid GBFS (Ours),True,727,39.0,3.5558,0.8842,0.0362,39,True
45,Classical A*,True,1749,16.0,0.0441,,,16,True
45,Paper Learned A*,True,87,16.0,0.4987,,,16,True
45,Paper Learned GBFS,True,17,16.0,0.1682,,,16,True
45,Fixed 50/50 Hybrid A*,True,37,16.0,0.3170,0.50,0.00,16,True
45,Fixed 50/50 Hybrid GBFS,True,31,16.0,0.2502,0.50,0.00,16,True
45,Confidence-Aware Hybrid A* (Ours),True,29,16.0,0.3703,0.8804,0.0374,16,True
45,Confidence-Aware Hybrid GBFS (Ours),True,22,16.0,0.2266,0.8906,0.0342,16,True
46,Classical A*,True,21807,41.0,0.4608,,,41,True
46,Paper Learned A*,True,7241,41.0,26.5370,,,41,True
46,Paper Learned GBFS,True,8864,49.0,20.7666,,,49,True
46,Fixed 50/50 Hybrid A*,True,6131,57.0,22.6413,0.50,0.00,57,True
46,Fixed 50/50 Hybrid GBFS,True,6404,71.0,26.3728,0.50,0.00,71,True
46,Confidence-Aware Hybrid A* (Ours),True,3264,41.0,14.0576,0.8327,0.0523,41,True
46,Confidence-Aware Hybrid GBFS (Ours),True,11452,79.0,49.0995,0.7946,0.0642,79,True
47,Classical A*,True,5970,24.0,0.1274,,,24,True
47,Paper Learned A*,True,129,24.0,0.5046,,,24,True
47,Paper Learned GBFS,True,27,24.0,0.1368,,,24,True
47,Fixed 50/50 Hybrid A*,True,323,24.0,1.5397,0.50,0.00,24,True
47,Fixed 50/50 Hybrid GBFS,True,105,44.0,0.5298,0.50,0.00,44,True
47,Confidence-Aware Hybrid A* (Ours),True,118,24.0,0.6189,0.8921,0.0337,24,True
47,Confidence-Aware Hybrid GBFS (Ours),True,105,44.0,0.6587,0.9292,0.0221,44,True
48,Classical A*,True,2048,29.0,0.0503,,,29,True
48,Paper Learned A*,True,241,29.0,1.0844,,,29,True
48,Paper Learned GBFS,True,32,31.0,0.1356,,,31,True
48,Fixed 50/50 Hybrid A*,True,87,29.0,0.4175,0.50,0.00,29,True
48,Fixed 50/50 Hybrid GBFS,True,282,32.0,1.1438,0.50,0.00,32,True
48,Confidence-Aware Hybrid A* (Ours),True,101,30.0,0.5690,0.9088,0.0285,30,True
48,Confidence-Aware Hybrid GBFS (Ours),True,248,37.0,1.1389,0.8670,0.0416,37,True
49,Classical A*,True,179,14.0,0.0047,,,14,True
49,Paper Learned A*,True,22,14.0,0.1011,,,14,True
49,Paper Learned GBFS,True,15,14.0,0.0668,,,14,True
49,Fixed 50/50 Hybrid A*,True,27,14.0,0.1416,0.50,0.00,14,True
49,Fixed 50/50 Hybrid GBFS,True,16,14.0,0.0881,0.50,0.00,14,True
49,Confidence-Aware Hybrid A* (Ours),True,26,16.0,0.1664,0.8990,0.0316,16,True
49,Confidence-Aware Hybrid GBFS (Ours),True,20,16.0,0.1343,0.9349,0.0203,16,True
50,Classical A*,True,408,20.0,0.0122,,,20,True
50,Paper Learned A*,True,68,20.0,0.3157,,,20,True
50,Paper Learned GBFS,True,21,20.0,0.1404,,,20,True
50,Fixed 50/50 Hybrid A*,True,57,22.0,0.3242,0.50,0.00,22,True
50,Fixed 50/50 Hybrid GBFS,True,33,20.0,0.1859,0.50,0.00,20,True
50,Confidence-Aware Hybrid A* (Ours),True,43,20.0,0.2421,0.8857,0.0357,20,True
50,Confidence-Aware Hybrid GBFS (Ours),True,29,22.0,0.1830,0.9035,0.0301,22,True
51,Classical A*,True,2214,20.0,0.0589,,,20,True
51,Paper Learned A*,True,74,20.0,0.3310,,,20,True
51,Paper Learned GBFS,True,31,20.0,0.1487,,,20,True
51,Fixed 50/50 Hybrid A*,True,888,34.0,3.9082,0.50,0.00,34,True
51,Fixed 50/50 Hybrid GBFS,True,4977,34.0,19.9864,0.50,0.00,34,True
51,Confidence-Aware Hybrid A* (Ours),True,39,20.0,0.2250,0.9137,0.0270,20,True
51,Confidence-Aware Hybrid GBFS (Ours),True,1080,36.0,4.6565,0.8524,0.0461,36,True
52,Classical A*,True,10622,26.0,0.2383,,,26,True
52,Paper Learned A*,True,350,26.0,1.3819,,,26,True
52,Paper Learned GBFS,True,32,28.0,0.1277,,,28,True
52,Fixed 50/50 Hybrid A*,True,149,31.0,0.6627,0.50,0.00,31,True
52,Fixed 50/50 Hybrid GBFS,True,89,39.0,0.4626,0.50,0.00,39,True
52,Confidence-Aware Hybrid A* (Ours),True,94,28.0,0.5098,0.8732,0.0396,28,True
52,Confidence-Aware Hybrid GBFS (Ours),True,73,34.0,0.4022,0.9088,0.0285,34,True
53,Classical A*,True,2606,19.0,0.0710,,,19,True
53,Paper Learned A*,True,206,19.0,1.0228,,,19,True
53,Paper Learned GBFS,True,26,23.0,0.1085,,,23,True
53,Fixed 50/50 Hybrid A*,True,55,22.0,0.2741,0.50,0.00,22,True
53,Fixed 50/50 Hybrid GBFS,True,30,20.0,0.1653,0.50,0.00,20,True
53,Confidence-Aware Hybrid A* (Ours),True,52,20.0,0.3196,0.8880,0.0350,20,True
53,Confidence-Aware Hybrid GBFS (Ours),True,34,19.0,0.1860,0.8803,0.0374,19,True
54,Classical A*,True,3012,18.0,0.0704,,,18,True
54,Paper Learned A*,True,243,18.0,0.9585,,,18,True
54,Paper Learned GBFS,True,24,23.0,0.0999,,,23,True
54,Fixed 50/50 Hybrid A*,True,57,21.0,0.2827,0.50,0.00,21,True
54,Fixed 50/50 Hybrid GBFS,True,94,29.0,0.4552,0.50,0.00,29,True
54,Confidence-Aware Hybrid A* (Ours),True,49,20.0,0.3285,0.8518,0.0463,20,True
54,Confidence-Aware Hybrid GBFS (Ours),True,45,20.0,0.2665,0.8716,0.0401,20,True
55,Classical A*,True,10371,30.0,0.2385,,,30,True
55,Paper Learned A*,True,503,30.0,1.6745,,,30,True
55,Paper Learned GBFS,True,164,32.0,0.5446,,,32,True
55,Fixed 50/50 Hybrid A*,True,276,38.0,1.1095,0.50,0.00,38,True
55,Fixed 50/50 Hybrid GBFS,True,211,46.0,0.8705,0.50,0.00,46,True
55,Confidence-Aware Hybrid A* (Ours),True,125,34.0,0.7736,0.8728,0.0397,34,True
55,Confidence-Aware Hybrid GBFS (Ours),True,57,32.0,0.3650,0.8782,0.0381,32,True
56,Classical A*,True,91,12.0,0.0027,,,12,True
56,Paper Learned A*,True,22,12.0,0.1128,,,12,True
56,Paper Learned GBFS,True,26,13.0,0.1643,,,13,True
56,Fixed 50/50 Hybrid A*,True,16,13.0,0.1525,0.50,0.00,13,True
56,Fixed 50/50 Hybrid GBFS,True,15,13.0,0.0944,0.50,0.00,13,True
56,Confidence-Aware Hybrid A* (Ours),True,18,13.0,0.1076,0.8472,0.0478,13,True
56,Confidence-Aware Hybrid GBFS (Ours),True,27,13.0,0.1882,0.8925,0.0336,13,True
57,Classical A*,True,8789,37.0,0.1856,,,37,True
57,Paper Learned A*,True,1160,37.0,3.5430,,,37,True
57,Paper Learned GBFS,True,98,47.0,0.3051,,,47,True
57,Fixed 50/50 Hybrid A*,True,402,40.0,1.8203,0.50,0.00,40,True
57,Fixed 50/50 Hybrid GBFS,True,65,38.0,0.3095,0.50,0.00,38,True
57,Confidence-Aware Hybrid A* (Ours),True,869,47.0,4.1172,0.9040,0.0300,47,True
57,Confidence-Aware Hybrid GBFS (Ours),True,82,46.0,0.4507,0.9291,0.0222,46,True
58,Classical A*,True,4295,27.0,0.1080,,,27,True
58,Paper Learned A*,True,221,27.0,0.8279,,,27,True
58,Paper Learned GBFS,True,30,29.0,0.1303,,,29,True
58,Fixed 50/50 Hybrid A*,True,91,29.0,0.4706,0.50,0.00,29,True
58,Fixed 50/50 Hybrid GBFS,True,40,27.0,0.2127,0.50,0.00,27,True
58,Confidence-Aware Hybrid A* (Ours),True,80,29.0,0.4108,0.9129,0.0272,29,True
58,Confidence-Aware Hybrid GBFS (Ours),True,57,27.0,0.3026,0.9101,0.0281,27,True
59,Classical A*,True,202,22.0,0.0060,,,22,True
59,Paper Learned A*,True,50,22.0,0.2059,,,22,True
59,Paper Learned GBFS,True,33,24.0,0.1423,,,24,True
59,Fixed 50/50 Hybrid A*,True,53,24.0,0.2340,0.50,0.00,24,True
59,Fixed 50/50 Hybrid GBFS,True,38,22.0,0.1744,0.50,0.00,22,True
59,Confidence-Aware Hybrid A* (Ours),True,116,22.0,0.5061,0.8433,0.0490,22,True
59,Confidence-Aware Hybrid GBFS (Ours),True,113,24.0,0.5620,0.8456,0.0483,24,True
60,Classical A*,True,62944,38.0,1.1854,,,38,True
60,Paper Learned A*,True,3298,38.0,9.5260,,,38,True
60,Paper Learned GBFS,True,83,50.0,0.2986,,,50,True
60,Fixed 50/50 Hybrid A*,True,360,42.0,1.5744,0.50,0.00,42,True
60,Fixed 50/50 Hybrid GBFS,True,13878,85.0,57.3821,0.50,0.00,85,True
60,Confidence-Aware Hybrid A* (Ours),True,346,39.0,1.8644,0.8832,0.0365,39,True
60,Confidence-Aware Hybrid GBFS (Ours),True,178,55.0,1.0038,0.8831,0.0365,55,True
61,Classical A*,True,41119,48.0,0.7558,,,48,True
61,Paper Learned A*,True,3691,48.0,11.1630,,,48,True
61,Paper Learned GBFS,True,28423,56.0,72.5620,,,56,True
61,Fixed 50/50 Hybrid A*,True,6857,57.0,29.0474,0.50,0.00,57,True
61,Fixed 50/50 Hybrid GBFS,True,491,58.0,2.3886,0.50,0.00,58,True
61,Confidence-Aware Hybrid A* (Ours),True,1307,48.0,6.2699,0.8835,0.0364,48,True
61,Confidence-Aware Hybrid GBFS (Ours),True,170,60.0,0.8363,0.9185,0.0255,60,True
62,Classical A*,True,8006,31.0,0.1574,,,31,True
62,Paper Learned A*,True,579,31.0,1.8327,,,31,True
62,Paper Learned GBFS,True,39,34.0,0.1847,,,34,True
62,Fixed 50/50 Hybrid A*,True,489,31.0,2.0239,0.50,0.00,31,True
62,Fixed 50/50 Hybrid GBFS,True,305,43.0,1.3316,0.50,0.00,43,True
62,Confidence-Aware Hybrid A* (Ours),True,415,34.0,2.1244,0.8907,0.0342,34,True
62,Confidence-Aware Hybrid GBFS (Ours),True,53,32.0,0.2896,0.8912,0.0340,32,True
63,Classical A*,True,10012,43.0,0.2539,,,43,True
63,Paper Learned A*,True,2784,43.0,7.2384,,,43,True
63,Paper Learned GBFS,True,1257,55.0,3.2019,,,55,True
63,Fixed 50/50 Hybrid A*,True,3977,43.0,14.9917,0.50,0.00,43,True
63,Fixed 50/50 Hybrid GBFS,True,4958,57.0,24.7165,0.50,0.00,57,True
63,Confidence-Aware Hybrid A* (Ours),True,2379,43.0,9.3951,0.8767,0.0385,43,True
63,Confidence-Aware Hybrid GBFS (Ours),True,2290,55.0,9.3911,0.8656,0.0420,55,True
64,Classical A*,True,4991,26.0,0.1175,,,26,True
64,Paper Learned A*,True,314,26.0,1.0519,,,26,True
64,Paper Learned GBFS,True,196,28.0,0.6134,,,28,True
64,Fixed 50/50 Hybrid A*,True,143,28.0,0.6836,0.50,0.00,28,True
64,Fixed 50/50 Hybrid GBFS,True,60,28.0,0.3212,0.50,0.00,28,True
64,Confidence-Aware Hybrid A* (Ours),True,96,26.0,0.4515,0.8997,0.0314,26,True
64,Confidence-Aware Hybrid GBFS (Ours),True,50,28.0,0.2870,0.8667,0.0417,28,True
65,Classical A*,True,1170,21.0,0.0216,,,21,True
65,Paper Learned A*,True,231,21.0,0.8505,,,21,True
65,Paper Learned GBFS,True,37,22.0,0.1274,,,22,True
65,Fixed 50/50 Hybrid A*,True,46,22.0,0.2434,0.50,0.00,22,True
65,Fixed 50/50 Hybrid GBFS,True,27,22.0,0.1539,0.50,0.00,22,True
65,Confidence-Aware Hybrid A* (Ours),True,55,22.0,0.2916,0.8871,0.0353,22,True
65,Confidence-Aware Hybrid GBFS (Ours),True,99,22.0,0.3970,0.8552,0.0452,22,True
66,Classical A*,True,2578,22.0,0.0527,,,22,True
66,Paper Learned A*,True,190,22.0,0.7305,,,22,True
66,Paper Learned GBFS,True,23,22.0,0.0927,,,22,True
66,Fixed 50/50 Hybrid A*,True,93,25.0,0.4566,0.50,0.00,25,True
66,Fixed 50/50 Hybrid GBFS,True,28,22.0,0.1532,0.50,0.00,22,True
66,Confidence-Aware Hybrid A* (Ours),True,38,24.0,0.2017,0.9012,0.0309,24,True
66,Confidence-Aware Hybrid GBFS (Ours),True,29,22.0,0.1595,0.8854,0.0358,22,True
67,Classical A*,True,37803,33.0,0.6879,,,33,True
67,Paper Learned A*,True,1933,33.0,6.8470,,,33,True
67,Paper Learned GBFS,True,43,37.0,0.1889,,,37,True
67,Fixed 50/50 Hybrid A*,True,283,35.0,1.4857,0.50,0.00,35,True
67,Fixed 50/50 Hybrid GBFS,True,53,33.0,0.3350,0.50,0.00,33,True
67,Confidence-Aware Hybrid A* (Ours),True,240,35.0,1.2791,0.9016,0.0308,35,True
67,Confidence-Aware Hybrid GBFS (Ours),True,59,33.0,0.3503,0.9005,0.0311,33,True
68,Classical A*,True,540,15.0,0.0123,,,15,True
68,Paper Learned A*,True,36,15.0,0.1430,,,15,True
68,Paper Learned GBFS,True,16,15.0,0.0710,,,15,True
68,Fixed 50/50 Hybrid A*,True,33,15.0,0.1733,0.50,0.00,15,True
68,Fixed 50/50 Hybrid GBFS,True,22,15.0,0.1162,0.50,0.00,15,True
68,Confidence-Aware Hybrid A* (Ours),True,21,15.0,0.1180,0.9159,0.0263,15,True
68,Confidence-Aware Hybrid GBFS (Ours),True,22,16.0,0.1173,0.9262,0.0231,16,True
69,Classical A*,True,4997,36.0,0.0754,,,36,True
69,Paper Learned A*,True,978,36.0,3.2221,,,36,True
69,Paper Learned GBFS,True,1604,48.0,4.7967,,,48,True
69,Fixed 50/50 Hybrid A*,True,1890,36.0,7.3796,0.50,0.00,36,True
69,Fixed 50/50 Hybrid GBFS,True,3464,42.0,11.8958,0.50,0.00,42,True
69,Confidence-Aware Hybrid A* (Ours),True,229,42.0,1.0313,0.8612,0.0434,42,True
69,Confidence-Aware Hybrid GBFS (Ours),True,2132,46.0,8.0696,0.8113,0.0590,46,True
70,Classical A*,True,49904,30.0,0.9802,,,30,True
70,Paper Learned A*,True,3747,30.0,12.9797,,,30,True
70,Paper Learned GBFS,True,237,53.0,0.8366,,,53,True
70,Fixed 50/50 Hybrid A*,True,843,39.0,3.7273,0.50,0.00,39,True
70,Fixed 50/50 Hybrid GBFS,True,1749,42.0,6.6136,0.50,0.00,42,True
70,Confidence-Aware Hybrid A* (Ours),True,183,30.0,1.0096,0.8929,0.0335,30,True
70,Confidence-Aware Hybrid GBFS (Ours),True,378,50.0,1.8822,0.8890,0.0347,50,True
71,Classical A*,True,81878,40.0,1.5304,,,40,True
71,Paper Learned A*,True,2959,40.0,10.1584,,,40,True
71,Paper Learned GBFS,True,3367,52.0,10.4887,,,52,True
71,Fixed 50/50 Hybrid A*,True,1618,46.0,8.1105,0.50,0.00,46,True
71,Fixed 50/50 Hybrid GBFS,True,9260,46.0,33.5834,0.50,0.00,46,True
71,Confidence-Aware Hybrid A* (Ours),True,1430,44.0,6.8150,0.8928,0.0335,44,True
71,Confidence-Aware Hybrid GBFS (Ours),True,281,44.0,1.2482,0.8835,0.0364,44,True
72,Classical A*,True,3232,42.0,0.0556,,,42,True
72,Paper Learned A*,True,2652,42.0,7.1537,,,42,True
72,Paper Learned GBFS,True,1715,52.0,4.9655,,,52,True
72,Fixed 50/50 Hybrid A*,True,2765,42.0,10.0842,0.50,0.00,42,True
72,Fixed 50/50 Hybrid GBFS,True,2816,49.0,9.7678,0.50,0.00,49,True
72,Confidence-Aware Hybrid A* (Ours),True,2813,52.0,10.2782,0.8448,0.0485,52,True
72,Confidence-Aware Hybrid GBFS (Ours),True,2020,48.0,7.6923,0.8357,0.0513,48,True
73,Classical A*,True,2062,27.0,0.0736,,,27,True
73,Paper Learned A*,True,182,27.0,0.6312,,,27,True
73,Paper Learned GBFS,True,61,29.0,0.2170,,,29,True
73,Fixed 50/50 Hybrid A*,True,74,29.0,0.3354,0.50,0.00,29,True
73,Fixed 50/50 Hybrid GBFS,True,64,29.0,0.3065,0.50,0.00,29,True
73,Confidence-Aware Hybrid A* (Ours),True,80,29.0,0.3712,0.8798,0.0376,29,True
73,Confidence-Aware Hybrid GBFS (Ours),True,67,29.0,0.3087,0.8733,0.0396,29,True
74,Classical A*,True,560,15.0,0.0164,,,15,True
74,Paper Learned A*,True,44,15.0,0.2164,,,15,True
74,Paper Learned GBFS,True,18,17.0,0.0786,,,17,True
74,Fixed 50/50 Hybrid A*,True,37,17.0,0.2172,0.50,0.00,17,True
74,Fixed 50/50 Hybrid GBFS,True,33,21.0,0.2342,0.50,0.00,21,True
74,Confidence-Aware Hybrid A* (Ours),True,22,17.0,0.1483,0.9071,0.0290,17,True
74,Confidence-Aware Hybrid GBFS (Ours),True,24,17.0,0.1506,0.8927,0.0335,17,True
75,Classical A*,True,5244,25.0,0.0928,,,25,True
75,Paper Learned A*,True,137,25.0,0.4772,,,25,True
75,Paper Learned GBFS,True,31,25.0,0.1296,,,25,True
75,Fixed 50/50 Hybrid A*,True,78,25.0,0.3674,0.50,0.00,25,True
75,Fixed 50/50 Hybrid GBFS,True,39,29.0,0.2544,0.50,0.00,29,True
75,Confidence-Aware Hybrid A* (Ours),True,71,25.0,0.3495,0.9001,0.0312,25,True
75,Confidence-Aware Hybrid GBFS (Ours),True,45,25.0,0.2640,0.8878,0.0351,25,True
76,Classical A*,True,2387,17.0,0.0507,,,17,True
76,Paper Learned A*,True,68,17.0,0.2929,,,17,True
76,Paper Learned GBFS,True,18,17.0,0.0739,,,17,True
76,Fixed 50/50 Hybrid A*,True,43,19.0,0.2544,0.50,0.00,19,True
76,Fixed 50/50 Hybrid GBFS,True,26,21.0,0.1570,0.50,0.00,21,True
76,Confidence-Aware Hybrid A* (Ours),True,36,18.0,0.2267,0.8633,0.0427,18,True
76,Confidence-Aware Hybrid GBFS (Ours),True,22,18.0,0.1726,0.9169,0.0260,18,True
77,Classical A*,True,12383,27.0,0.2220,,,27,True
77,Paper Learned A*,True,642,27.0,2.4307,,,27,True
77,Paper Learned GBFS,True,32,28.0,0.1462,,,28,True
77,Fixed 50/50 Hybrid A*,True,445,30.0,2.1203,0.50,0.00,30,True
77,Fixed 50/50 Hybrid GBFS,True,149,39.0,0.7557,0.50,0.00,39,True
77,Confidence-Aware Hybrid A* (Ours),True,236,30.0,1.1787,0.9075,0.0289,30,True
77,Confidence-Aware Hybrid GBFS (Ours),True,102,32.0,0.5345,0.9132,0.0271,32,True
78,Classical A*,True,21452,37.0,0.3474,,,37,True
78,Paper Learned A*,True,3722,37.0,12.3541,,,37,True
78,Paper Learned GBFS,True,945,37.0,3.2673,,,37,True
78,Fixed 50/50 Hybrid A*,True,1492,37.0,6.4800,0.50,0.00,37,True
78,Fixed 50/50 Hybrid GBFS,True,1651,41.0,6.3267,0.50,0.00,41,True
78,Confidence-Aware Hybrid A* (Ours),True,489,37.0,2.3586,0.8871,0.0353,37,True
78,Confidence-Aware Hybrid GBFS (Ours),True,1475,48.0,6.2363,0.8546,0.0454,48,True
79,Classical A*,True,72846,35.0,1.3029,,,35,True
79,Paper Learned A*,True,3425,35.0,11.0379,,,35,True
79,Paper Learned GBFS,True,51,39.0,0.1973,,,39,True
79,Fixed 50/50 Hybrid A*,True,620,39.0,2.6923,0.50,0.00,39,True
79,Fixed 50/50 Hybrid GBFS,True,92,43.0,0.4531,0.50,0.00,43,True
79,Confidence-Aware Hybrid A* (Ours),True,271,36.0,1.2633,0.8849,0.0360,36,True
79,Confidence-Aware Hybrid GBFS (Ours),True,63,43.0,0.3741,0.8980,0.0319,43,True
80,Classical A*,True,2482,26.0,0.0424,,,26,True
80,Paper Learned A*,True,464,26.0,1.4385,,,26,True
80,Paper Learned GBFS,True,533,28.0,1.4999,,,28,True
80,Fixed 50/50 Hybrid A*,True,893,28.0,3.2875,0.50,0.00,28,True
80,Fixed 50/50 Hybrid GBFS,True,1376,30.0,4.6659,0.50,0.00,30,True
80,Confidence-Aware Hybrid A* (Ours),True,467,26.0,1.8264,0.8421,0.0494,26,True
80,Confidence-Aware Hybrid GBFS (Ours),True,697,28.0,2.6116,0.8272,0.0540,28,True
81,Classical A*,True,34102,44.0,0.5551,,,44,True
81,Paper Learned A*,True,3523,44.0,12.1202,,,44,True
81,Paper Learned GBFS,True,20375,60.0,61.6899,,,60,True
81,Fixed 50/50 Hybrid A*,True,2330,50.0,8.1337,0.50,0.00,50,True
81,Fixed 50/50 Hybrid GBFS,True,231,50.0,0.7617,0.50,0.00,50,True
81,Confidence-Aware Hybrid A* (Ours),True,1629,49.0,6.0760,0.8737,0.0395,49,True
81,Confidence-Aware Hybrid GBFS (Ours),True,31129,70.0,125.6060,0.8024,0.0618,70,True
82,Classical A*,True,408,14.0,0.0098,,,14,True
82,Paper Learned A*,True,17,14.0,0.0821,,,14,True
82,Paper Learned GBFS,True,15,14.0,0.0787,,,14,True
82,Fixed 50/50 Hybrid A*,True,17,14.0,0.0986,0.50,0.00,14,True
82,Fixed 50/50 Hybrid GBFS,True,19,14.0,0.1231,0.50,0.00,14,True
82,Confidence-Aware Hybrid A* (Ours),True,16,14.0,0.0822,0.9059,0.0294,14,True
82,Confidence-Aware Hybrid GBFS (Ours),True,42,25.0,0.2278,0.8427,0.0492,25,True
83,Classical A*,True,827,23.0,0.0162,,,23,True
83,Paper Learned A*,True,51,23.0,0.3437,,,23,True
83,Paper Learned GBFS,True,27,24.0,0.1462,,,24,True
83,Fixed 50/50 Hybrid A*,True,444,24.0,2.3336,0.50,0.00,24,True
83,Fixed 50/50 Hybrid GBFS,True,771,38.0,3.1758,0.50,0.00,38,True
83,Confidence-Aware Hybrid A* (Ours),True,58,24.0,0.2699,0.9078,0.0288,24,True
83,Confidence-Aware Hybrid GBFS (Ours),True,398,25.0,1.7975,0.8637,0.0426,25,True
84,Classical A*,True,56705,37.0,1.1196,,,37,True
84,Paper Learned A*,True,3154,37.0,9.0544,,,37,True
84,Paper Learned GBFS,True,281,46.0,0.7939,,,46,True
84,Fixed 50/50 Hybrid A*,True,1472,40.0,6.4516,0.50,0.00,40,True
84,Fixed 50/50 Hybrid GBFS,True,372,46.0,1.7394,0.50,0.00,46,True
84,Confidence-Aware Hybrid A* (Ours),True,979,37.0,4.6848,0.8422,0.0493,37,True
84,Confidence-Aware Hybrid GBFS (Ours),True,2230,55.0,9.9667,0.8259,0.0544,55,True
85,Classical A*,True,123,13.0,0.0031,,,13,True
85,Paper Learned A*,True,28,13.0,0.1278,,,13,True
85,Paper Learned GBFS,True,29,13.0,0.1114,,,13,True
85,Fixed 50/50 Hybrid A*,True,23,13.0,0.1429,0.50,0.00,13,True
85,Fixed 50/50 Hybrid GBFS,True,20,13.0,0.1277,0.50,0.00,13,True
85,Confidence-Aware Hybrid A* (Ours),True,20,13.0,0.1056,0.8580,0.0444,13,True
85,Confidence-Aware Hybrid GBFS (Ours),True,21,13.0,0.1141,0.8887,0.0348,13,True
86,Classical A*,True,540,21.0,0.0105,,,21,True
86,Paper Learned A*,True,170,21.0,0.6989,,,21,True
86,Paper Learned GBFS,True,28,23.0,0.1075,,,23,True
86,Fixed 50/50 Hybrid A*,True,46,21.0,0.2041,0.50,0.00,21,True
86,Fixed 50/50 Hybrid GBFS,True,32,23.0,0.1523,0.50,0.00,23,True
86,Confidence-Aware Hybrid A* (Ours),True,60,23.0,0.3058,0.8807,0.0373,23,True
86,Confidence-Aware Hybrid GBFS (Ours),True,45,23.0,0.2478,0.8940,0.0331,23,True
87,Classical A*,True,301,14.0,0.0091,,,14,True
87,Paper Learned A*,True,33,14.0,0.1519,,,14,True
87,Paper Learned GBFS,True,16,14.0,0.0728,,,14,True
87,Fixed 50/50 Hybrid A*,True,31,16.0,0.2109,0.50,0.00,16,True
87,Fixed 50/50 Hybrid GBFS,True,19,14.0,0.1154,0.50,0.00,14,True
87,Confidence-Aware Hybrid A* (Ours),True,34,14.0,0.2015,0.8846,0.0361,14,True
87,Confidence-Aware Hybrid GBFS (Ours),True,22,16.0,0.1413,0.8622,0.0431,16,True
88,Classical A*,True,33161,34.0,0.7693,,,34,True
88,Paper Learned A*,True,1957,34.0,6.6054,,,34,True
88,Paper Learned GBFS,True,99,52.0,0.3021,,,52,True
88,Fixed 50/50 Hybrid A*,True,1711,40.0,7.5286,0.50,0.00,40,True
88,Fixed 50/50 Hybrid GBFS,True,5002,38.0,19.9892,0.50,0.00,38,True
88,Confidence-Aware Hybrid A* (Ours),True,597,36.0,2.7791,0.8885,0.0348,36,True
88,Confidence-Aware Hybrid GBFS (Ours),True,525,55.0,2.2814,0.8575,0.0445,55,True
89,Classical A*,True,13010,26.0,0.3175,,,26,True
89,Paper Learned A*,True,850,26.0,2.6934,,,26,True
89,Paper Learned GBFS,True,39,26.0,0.1347,,,26,True
89,Fixed 50/50 Hybrid A*,True,542,26.0,2.2917,0.50,0.00,26,True
89,Fixed 50/50 Hybrid GBFS,True,330,26.0,1.4776,0.50,0.00,26,True
89,Confidence-Aware Hybrid A* (Ours),True,240,26.0,1.2765,0.8575,0.0445,26,True
89,Confidence-Aware Hybrid GBFS (Ours),True,57,30.0,0.3162,0.9241,0.0237,30,True
90,Classical A*,True,1555,21.0,0.0441,,,21,True
90,Paper Learned A*,True,256,21.0,1.0611,,,21,True
90,Paper Learned GBFS,True,22,21.0,0.0950,,,21,True
90,Fixed 50/50 Hybrid A*,True,56,21.0,0.2506,0.50,0.00,21,True
90,Fixed 50/50 Hybrid GBFS,True,32,23.0,0.1547,0.50,0.00,23,True
90,Confidence-Aware Hybrid A* (Ours),True,55,21.0,0.3302,0.8636,0.0426,21,True
90,Confidence-Aware Hybrid GBFS (Ours),True,47,21.0,0.3005,0.9075,0.0289,21,True
91,Classical A*,True,14550,49.0,0.2655,,,49,True
91,Paper Learned A*,True,4320,49.0,11.1256,,,49,True
91,Paper Learned GBFS,True,2034,63.0,5.1557,,,63,True
91,Fixed 50/50 Hybrid A*,True,1297,49.0,5.7972,0.50,0.00,49,True
91,Fixed 50/50 Hybrid GBFS,True,159,57.0,0.7919,0.50,0.00,57,True
91,Confidence-Aware Hybrid A* (Ours),True,3417,53.0,14.6836,0.8714,0.0402,53,True
91,Confidence-Aware Hybrid GBFS (Ours),True,1275,63.0,5.4298,0.8724,0.0399,63,True
92,Classical A*,True,574,17.0,0.0126,,,17,True
92,Paper Learned A*,True,45,17.0,0.1764,,,17,True
92,Paper Learned GBFS,True,72,17.0,0.2986,,,17,True
92,Fixed 50/50 Hybrid A*,True,47,17.0,0.2252,0.50,0.00,17,True
92,Fixed 50/50 Hybrid GBFS,True,254,17.0,1.1401,0.50,0.00,17,True
92,Confidence-Aware Hybrid A* (Ours),True,24,17.0,0.1337,0.8380,0.0506,17,True
92,Confidence-Aware Hybrid GBFS (Ours),True,23,17.0,0.1232,0.8708,0.0404,17,True
93,Classical A*,True,3685,23.0,0.0834,,,23,True
93,Paper Learned A*,True,209,23.0,0.8489,,,23,True
93,Paper Learned GBFS,True,26,25.0,0.1098,,,25,True
93,Fixed 50/50 Hybrid A*,True,71,23.0,0.3355,0.50,0.00,23,True
93,Fixed 50/50 Hybrid GBFS,True,43,25.0,0.2244,0.50,0.00,25,True
93,Confidence-Aware Hybrid A* (Ours),True,92,25.0,0.5330,0.9000,0.0312,25,True
93,Confidence-Aware Hybrid GBFS (Ours),True,41,29.0,0.3014,0.9175,0.0258,29,True
94,Classical A*,False,100000,inf,1.8415,,,0,False
94,Paper Learned A*,True,8528,44.0,25.6261,,,44,True
94,Paper Learned GBFS,True,59,56.0,0.2165,,,56,True
94,Fixed 50/50 Hybrid A*,True,1207,48.0,5.9341,0.50,0.00,48,True
94,Fixed 50/50 Hybrid GBFS,True,203,54.0,1.0863,0.50,0.00,54,True
94,Confidence-Aware Hybrid A* (Ours),True,2896,46.0,15.5627,0.9036,0.0301,46,True
94,Confidence-Aware Hybrid GBFS (Ours),True,99,52.0,0.5462,0.9371,0.0197,52,True
95,Classical A*,True,3492,25.0,0.0833,,,25,True
95,Paper Learned A*,True,125,25.0,0.5027,,,25,True
95,Paper Learned GBFS,True,28,25.0,0.1255,,,25,True
95,Fixed 50/50 Hybrid A*,True,57,25.0,0.2656,0.50,0.00,25,True
95,Fixed 50/50 Hybrid GBFS,True,38,25.0,0.2044,0.50,0.00,25,True
95,Confidence-Aware Hybrid A* (Ours),True,50,25.0,0.2448,0.8705,0.0405,25,True
95,Confidence-Aware Hybrid GBFS (Ours),True,38,25.0,0.2283,0.8984,0.0317,25,True
96,Classical A*,True,8300,24.0,0.1951,,,24,True
96,Paper Learned A*,True,208,24.0,0.8371,,,24,True
96,Paper Learned GBFS,True,38,30.0,0.1576,,,30,True
96,Fixed 50/50 Hybrid A*,True,99,24.0,0.4917,0.50,0.00,24,True
96,Fixed 50/50 Hybrid GBFS,True,35,24.0,0.2114,0.50,0.00,24,True
96,Confidence-Aware Hybrid A* (Ours),True,97,24.0,0.4923,0.8951,0.0328,24,True
96,Confidence-Aware Hybrid GBFS (Ours),True,33,24.0,0.1848,0.8982,0.0318,24,True
97,Classical A*,True,15727,36.0,0.2990,,,36,True
97,Paper Learned A*,True,2807,36.0,7.9250,,,36,True
97,Paper Learned GBFS,True,243,40.0,0.6550,,,40,True
97,Fixed 50/50 Hybrid A*,True,588,40.0,2.1938,0.50,0.00,40,True
97,Fixed 50/50 Hybrid GBFS,True,481,40.0,1.9303,0.50,0.00,40,True
97,Confidence-Aware Hybrid A* (Ours),True,501,41.0,2.2942,0.8888,0.0348,41,True
97,Confidence-Aware Hybrid GBFS (Ours),True,218,40.0,0.9787,0.9014,0.0308,40,True
98,Classical A*,True,253,14.0,0.0056,,,14,True
98,Paper Learned A*,True,46,14.0,0.2177,,,14,True
98,Paper Learned GBFS,True,35,14.0,0.1472,,,14,True
98,Fixed 50/50 Hybrid A*,True,19,14.0,0.1328,0.50,0.00,14,True
98,Fixed 50/50 Hybrid GBFS,True,23,14.0,0.1715,0.50,0.00,14,True
98,Confidence-Aware Hybrid A* (Ours),True,28,14.0,0.1539,0.8461,0.0481,14,True
98,Confidence-Aware Hybrid GBFS (Ours),True,36,18.0,0.2262,0.8788,0.0379,18,True
99,Classical A*,True,66,11.0,0.0017,,,11,True
99,Paper Learned A*,True,13,11.0,0.0682,,,11,True
99,Paper Learned GBFS,True,12,11.0,0.0610,,,11,True
99,Fixed 50/50 Hybrid A*,True,18,15.0,0.1108,0.50,0.00,15,True
99,Fixed 50/50 Hybrid GBFS,True,17,15.0,0.1178,0.50,0.00,15,True
99,Confidence-Aware Hybrid A* (Ours),True,12,11.0,0.0817,0.8493,0.0471,11,True
99,Confidence-Aware Hybrid GBFS (Ours),True,16,15.0,0.1056,0.8680,0.0413,15,True
100,Classical A*,True,22291,27.0,0.5035,,,27,True
100,Paper Learned A*,True,314,27.0,1.1504,,,27,True
100,Paper Learned GBFS,True,73,40.0,0.3694,,,40,True
100,Fixed 50/50 Hybrid A*,True,551,36.0,2.5273,0.50,0.00,36,True
100,Fixed 50/50 Hybrid GBFS,True,316,44.0,1.5299,0.50,0.00,44,True
100,Confidence-Aware Hybrid A* (Ours),True,108,28.0,0.7223,0.9023,0.0305,28,True
100,Confidence-Aware Hybrid GBFS (Ours),True,167,38.0,0.9183,0.9032,0.0302,38,True
101,Classical A*,True,1115,15.0,0.0268,,,15,True
101,Paper Learned A*,True,27,15.0,0.1441,,,15,True
101,Paper Learned GBFS,True,16,15.0,0.0936,,,15,True
101,Fixed 50/50 Hybrid A*,True,32,15.0,0.1978,0.50,0.00,15,True
101,Fixed 50/50 Hybrid GBFS,True,27,19.0,0.1789,0.50,0.00,19,True
101,Confidence-Aware Hybrid A* (Ours),True,40,19.0,0.2481,0.8931,0.0334,19,True
101,Confidence-Aware Hybrid GBFS (Ours),True,30,19.0,0.1984,0.8779,0.0382,19,True
102,Classical A*,True,7378,33.0,0.1615,,,33,True
102,Paper Learned A*,True,1072,33.0,3.2873,,,33,True
102,Paper Learned GBFS,True,1643,38.0,4.4446,,,38,True
102,Fixed 50/50 Hybrid A*,True,216,36.0,1.0240,0.50,0.00,36,True
102,Fixed 50/50 Hybrid GBFS,True,56,34.0,0.3345,0.50,0.00,34,True
102,Confidence-Aware Hybrid A* (Ours),True,735,39.0,3.4247,0.8698,0.0407,39,True
102,Confidence-Aware Hybrid GBFS (Ours),True,203,34.0,0.9723,0.8909,0.0341,34,True
103,Classical A*,True,1652,26.0,0.0377,,,26,True
103,Paper Learned A*,True,112,26.0,0.5263,,,26,True
103,Paper Learned GBFS,True,382,26.0,1.3390,,,26,True
103,Fixed 50/50 Hybrid A*,True,445,26.0,1.8359,0.50,0.00,26,True
103,Fixed 50/50 Hybrid GBFS,True,1106,46.0,4.5543,0.50,0.00,46,True
103,Confidence-Aware Hybrid A* (Ours),True,324,26.0,1.5571,0.8711,0.0403,26,True
103,Confidence-Aware Hybrid GBFS (Ours),True,577,49.0,2.8066,0.8607,0.0435,49,True
104,Classical A*,True,21139,41.0,0.3771,,,41,True
104,Paper Learned A*,True,3113,41.0,8.6838,,,41,True
104,Paper Learned GBFS,True,3041,49.0,7.6619,,,49,True
104,Fixed 50/50 Hybrid A*,True,1005,45.0,4.2715,0.50,0.00,45,True
104,Fixed 50/50 Hybrid GBFS,True,764,43.0,3.3919,0.50,0.00,43,True
104,Confidence-Aware Hybrid A* (Ours),True,645,41.0,3.1100,0.8881,0.0350,41,True
104,Confidence-Aware Hybrid GBFS (Ours),True,3716,41.0,15.1472,0.8089,0.0597,41,True
105,Classical A*,True,171,14.0,0.0054,,,14,True
105,Paper Learned A*,True,24,14.0,0.1700,,,14,True
105,Paper Learned GBFS,True,32,14.0,0.1338,,,14,True
105,Fixed 50/50 Hybrid A*,True,23,14.0,0.1519,0.50,0.00,14,True
105,Fixed 50/50 Hybrid GBFS,True,41,14.0,0.2124,0.50,0.00,14,True
105,Confidence-Aware Hybrid A* (Ours),True,28,14.0,0.1489,0.9148,0.0266,14,True
105,Confidence-Aware Hybrid GBFS (Ours),True,49,14.0,0.2641,0.9031,0.0303,14,True
106,Classical A*,True,1533,18.0,0.0387,,,18,True
106,Paper Learned A*,True,30,18.0,0.1628,,,18,True
106,Paper Learned GBFS,True,21,20.0,0.1027,,,20,True
106,Fixed 50/50 Hybrid A*,True,87,24.0,0.4542,0.50,0.00,24,True
106,Fixed 50/50 Hybrid GBFS,True,29,22.0,0.1673,0.50,0.00,22,True
106,Confidence-Aware Hybrid A* (Ours),True,31,18.0,0.2125,0.8944,0.0330,18,True
106,Confidence-Aware Hybrid GBFS (Ours),True,21,18.0,0.1370,0.9037,0.0301,18,True
107,Classical A*,True,9188,29.0,0.1997,,,29,True
107,Paper Learned A*,True,350,29.0,1.2061,,,29,True
107,Paper Learned GBFS,True,133,37.0,0.4313,,,37,True
107,Fixed 50/50 Hybrid A*,True,145,29.0,0.5921,0.50,0.00,29,True
107,Fixed 50/50 Hybrid GBFS,True,178,29.0,0.8382,0.50,0.00,29,True
107,Confidence-Aware Hybrid A* (Ours),True,124,29.0,0.6093,0.8852,0.0359,29,True
107,Confidence-Aware Hybrid GBFS (Ours),True,122,29.0,0.5894,0.8510,0.0466,29,True
108,Classical A*,False,100000,inf,1.8355,,,0,False
108,Paper Learned A*,True,7505,46.0,21.2074,,,46,True
108,Paper Learned GBFS,True,406,58.0,1.1493,,,58,True
108,Fixed 50/50 Hybrid A*,True,2102,46.0,9.1151,0.50,0.00,46,True
108,Fixed 50/50 Hybrid GBFS,True,2889,66.0,12.1530,0.50,0.00,66,True
108,Confidence-Aware Hybrid A* (Ours),True,1425,46.0,6.9693,0.8963,0.0324,46,True
108,Confidence-Aware Hybrid GBFS (Ours),True,5178,56.0,22.7460,0.8113,0.0590,56,True
109,Classical A*,True,5357,24.0,0.1548,,,24,True
109,Paper Learned A*,True,293,24.0,1.0333,,,24,True
109,Paper Learned GBFS,True,25,24.0,0.0998,,,24,True
109,Fixed 50/50 Hybrid A*,True,51,24.0,0.2657,0.50,0.00,24,True
109,Fixed 50/50 Hybrid GBFS,True,37,24.0,0.1858,0.50,0.00,24,True
109,Confidence-Aware Hybrid A* (Ours),True,69,26.0,0.3133,0.8569,0.0447,26,True
109,Confidence-Aware Hybrid GBFS (Ours),True,52,30.0,0.3699,0.9070,0.0291,30,True
110,Classical A*,True,28635,31.0,0.6548,,,31,True
110,Paper Learned A*,True,345,31.0,1.6022,,,31,True
110,Paper Learned GBFS,True,44,39.0,0.1605,,,39,True
110,Fixed 50/50 Hybrid A*,True,208,31.0,0.9686,0.50,0.00,31,True
110,Fixed 50/50 Hybrid GBFS,True,49,37.0,0.2804,0.50,0.00,37,True
110,Confidence-Aware Hybrid A* (Ours),True,243,35.0,1.2723,0.9159,0.0263,35,True
110,Confidence-Aware Hybrid GBFS (Ours),True,74,35.0,0.5235,0.9298,0.0219,35,True
111,Classical A*,True,651,18.0,0.0153,,,18,True
111,Paper Learned A*,True,44,18.0,0.2347,,,18,True
111,Paper Learned GBFS,True,19,18.0,0.0937,,,18,True
111,Fixed 50/50 Hybrid A*,True,72,20.0,0.4547,0.50,0.00,20,True
111,Fixed 50/50 Hybrid GBFS,True,715,20.0,3.2782,0.50,0.00,20,True
111,Confidence-Aware Hybrid A* (Ours),True,36,18.0,0.2052,0.9018,0.0307,18,True
111,Confidence-Aware Hybrid GBFS (Ours),True,46,20.0,0.2830,0.8383,0.0505,20,True
112,Classical A*,True,3973,22.0,0.0821,,,22,True
112,Paper Learned A*,True,288,22.0,1.2951,,,22,True
112,Paper Learned GBFS,True,29,28.0,0.1218,,,28,True
112,Fixed 50/50 Hybrid A*,True,667,24.0,2.7438,0.50,0.00,24,True
112,Fixed 50/50 Hybrid GBFS,True,3964,48.0,17.4305,0.50,0.00,48,True
112,Confidence-Aware Hybrid A* (Ours),True,509,26.0,2.3455,0.8645,0.0423,26,True
112,Confidence-Aware Hybrid GBFS (Ours),True,43,24.0,0.2814,0.8689,0.0410,24,True
113,Classical A*,True,10935,25.0,0.2188,,,25,True
113,Paper Learned A*,True,532,25.0,1.7648,,,25,True
113,Paper Learned GBFS,True,33,25.0,0.1911,,,25,True
113,Fixed 50/50 Hybrid A*,True,295,35.0,1.2341,0.50,0.00,35,True
113,Fixed 50/50 Hybrid GBFS,True,289,37.0,1.2450,0.50,0.00,37,True
113,Confidence-Aware Hybrid A* (Ours),True,411,27.0,2.0633,0.8715,0.0401,27,True
113,Confidence-Aware Hybrid GBFS (Ours),True,338,27.0,1.6458,0.8846,0.0361,27,True
114,Classical A*,False,100000,inf,1.7186,,,0,False
114,Paper Learned A*,True,4304,47.0,11.7802,,,47,True
114,Paper Learned GBFS,True,2320,70.0,6.1104,,,70,True
114,Fixed 50/50 Hybrid A*,True,2824,47.0,13.1023,0.50,0.00,47,True
114,Fixed 50/50 Hybrid GBFS,True,4832,59.0,20.2551,0.50,0.00,59,True
114,Confidence-Aware Hybrid A* (Ours),True,3989,51.0,18.9767,0.8846,0.0361,51,True
114,Confidence-Aware Hybrid GBFS (Ours),True,1939,61.0,8.2441,0.8782,0.0381,61,True
115,Classical A*,True,92946,37.0,1.6714,,,37,True
115,Paper Learned A*,True,4390,37.0,12.7306,,,37,True
115,Paper Learned GBFS,True,584,37.0,1.5188,,,37,True
115,Fixed 50/50 Hybrid A*,True,4448,43.0,19.9043,0.50,0.00,43,True
115,Fixed 50/50 Hybrid GBFS,True,546,42.0,2.4827,0.50,0.00,42,True
115,Confidence-Aware Hybrid A* (Ours),True,459,39.0,2.4033,0.8972,0.0321,39,True
115,Confidence-Aware Hybrid GBFS (Ours),True,242,44.0,1.4010,0.8941,0.0331,44,True
116,Classical A*,True,979,18.0,0.0292,,,18,True
116,Paper Learned A*,True,77,18.0,0.4256,,,18,True
116,Paper Learned GBFS,True,19,18.0,0.0951,,,18,True
116,Fixed 50/50 Hybrid A*,True,37,20.0,0.2120,0.50,0.00,20,True
116,Fixed 50/50 Hybrid GBFS,True,25,20.0,0.1489,0.50,0.00,20,True
116,Confidence-Aware Hybrid A* (Ours),True,46,22.0,0.2864,0.8831,0.0365,22,True
116,Confidence-Aware Hybrid GBFS (Ours),True,39,22.0,0.2355,0.9057,0.0295,22,True
117,Classical A*,True,31208,31.0,0.6246,,,31,True
117,Paper Learned A*,True,3081,31.0,9.6835,,,31,True
117,Paper Learned GBFS,True,3296,35.0,9.0377,,,35,True
117,Fixed 50/50 Hybrid A*,True,156,31.0,0.7219,0.50,0.00,31,True
117,Fixed 50/50 Hybrid GBFS,True,47,33.0,0.2548,0.50,0.00,33,True
117,Confidence-Aware Hybrid A* (Ours),True,461,35.0,2.3067,0.9079,0.0288,35,True
117,Confidence-Aware Hybrid GBFS (Ours),True,57,39.0,0.3503,0.9200,0.0250,39,True
118,Classical A*,True,47675,50.0,0.8499,,,50,True
118,Paper Learned A*,True,9479,50.0,23.2340,,,50,True
118,Paper Learned GBFS,True,1308,54.0,3.2371,,,54,True
118,Fixed 50/50 Hybrid A*,True,2843,54.0,12.5289,0.50,0.00,54,True
118,Fixed 50/50 Hybrid GBFS,True,6362,56.0,24.1502,0.50,0.00,56,True
118,Confidence-Aware Hybrid A* (Ours),True,2620,54.0,11.4807,0.8418,0.0494,54,True
118,Confidence-Aware Hybrid GBFS (Ours),True,728,54.0,3.0218,0.8583,0.0443,54,True
119,Classical A*,True,29301,31.0,0.6093,,,31,True
119,Paper Learned A*,True,1085,31.0,3.5171,,,31,True
119,Paper Learned GBFS,True,39,35.0,0.1340,,,35,True
119,Fixed 50/50 Hybrid A*,True,281,35.0,1.0675,0.50,0.00,35,True
119,Fixed 50/50 Hybrid GBFS,True,122,37.0,0.6855,0.50,0.00,37,True
119,Confidence-Aware Hybrid A* (Ours),True,298,31.0,1.4191,0.8948,0.0329,31,True
119,Confidence-Aware Hybrid GBFS (Ours),True,71,31.0,0.3934,0.9180,0.0256,31,True
120,Classical A*,True,1369,20.0,0.0336,,,20,True
120,Paper Learned A*,True,112,20.0,0.4368,,,20,True
120,Paper Learned GBFS,True,63,26.0,0.2239,,,26,True
120,Fixed 50/50 Hybrid A*,True,62,26.0,0.2715,0.50,0.00,26,True
120,Fixed 50/50 Hybrid GBFS,True,62,26.0,0.3335,0.50,0.00,26,True
120,Confidence-Aware Hybrid A* (Ours),True,39,24.0,0.2012,0.8735,0.0395,24,True
120,Confidence-Aware Hybrid GBFS (Ours),True,99,26.0,0.4563,0.8840,0.0362,26,True
121,Classical A*,True,1656,24.0,0.0340,,,24,True
121,Paper Learned A*,True,150,24.0,0.6157,,,24,True
121,Paper Learned GBFS,True,63,34.0,0.2616,,,34,True
121,Fixed 50/50 Hybrid A*,True,54,24.0,0.3155,0.50,0.00,24,True
121,Fixed 50/50 Hybrid GBFS,True,810,34.0,3.6549,0.50,0.00,34,True
121,Confidence-Aware Hybrid A* (Ours),True,53,24.0,0.2591,0.9011,0.0309,24,True
121,Confidence-Aware Hybrid GBFS (Ours),True,63,32.0,0.3284,0.9365,0.0198,32,True
122,Classical A*,True,689,18.0,0.0156,,,18,True
122,Paper Learned A*,True,87,18.0,0.3694,,,18,True
122,Paper Learned GBFS,True,19,18.0,0.0989,,,18,True
122,Fixed 50/50 Hybrid A*,True,29,18.0,0.1579,0.50,0.00,18,True
122,Fixed 50/50 Hybrid GBFS,True,22,18.0,0.1420,0.50,0.00,18,True
122,Confidence-Aware Hybrid A* (Ours),True,23,18.0,0.1484,0.8707,0.0404,18,True
122,Confidence-Aware Hybrid GBFS (Ours),True,24,20.0,0.1471,0.9226,0.0242,20,True
123,Classical A*,True,590,21.0,0.0122,,,21,True
123,Paper Learned A*,True,82,21.0,0.3488,,,21,True
123,Paper Learned GBFS,True,26,23.0,0.1124,,,23,True
123,Fixed 50/50 Hybrid A*,True,53,25.0,0.3185,0.50,0.00,25,True
123,Fixed 50/50 Hybrid GBFS,True,36,23.0,0.1809,0.50,0.00,23,True
123,Confidence-Aware Hybrid A* (Ours),True,70,23.0,0.3499,0.8672,0.0415,23,True
123,Confidence-Aware Hybrid GBFS (Ours),True,34,23.0,0.2008,0.8984,0.0318,23,True
124,Classical A*,True,1458,25.0,0.0294,,,25,True
124,Paper Learned A*,True,169,25.0,0.6928,,,25,True
124,Paper Learned GBFS,True,412,25.0,1.2533,,,25,True
124,Fixed 50/50 Hybrid A*,True,141,25.0,0.5492,0.50,0.00,25,True
124,Fixed 50/50 Hybrid GBFS,True,440,25.0,1.6974,0.50,0.00,25,True
124,Confidence-Aware Hybrid A* (Ours),True,84,25.0,0.4487,0.8820,0.0369,25,True
124,Confidence-Aware Hybrid GBFS (Ours),True,739,25.0,3.1128,0.8301,0.0531,25,True
125,Classical A*,True,5379,24.0,0.1201,,,24,True
125,Paper Learned A*,True,133,24.0,0.5379,,,24,True
125,Paper Learned GBFS,True,652,24.0,1.9047,,,24,True
125,Fixed 50/50 Hybrid A*,True,76,26.0,0.3960,0.50,0.00,26,True
125,Fixed 50/50 Hybrid GBFS,True,46,28.0,0.2945,0.50,0.00,28,True
125,Confidence-Aware Hybrid A* (Ours),True,84,26.0,0.4030,0.8785,0.0380,26,True
125,Confidence-Aware Hybrid GBFS (Ours),True,1449,24.0,6.5835,0.8197,0.0564,24,True
126,Classical A*,True,3117,23.0,0.0737,,,23,True
126,Paper Learned A*,True,276,23.0,1.1441,,,23,True
126,Paper Learned GBFS,True,26,25.0,0.1180,,,25,True
126,Fixed 50/50 Hybrid A*,True,97,25.0,0.4574,0.50,0.00,25,True
126,Fixed 50/50 Hybrid GBFS,True,34,25.0,0.2429,0.50,0.00,25,True
126,Confidence-Aware Hybrid A* (Ours),True,57,25.0,0.3473,0.8854,0.0358,25,True
126,Confidence-Aware Hybrid GBFS (Ours),True,47,27.0,0.2850,0.8922,0.0337,27,True
127,Classical A*,True,107,10.0,0.0033,,,10,True
127,Paper Learned A*,True,16,10.0,0.0832,,,10,True
127,Paper Learned GBFS,True,11,10.0,0.0536,,,10,True
127,Fixed 50/50 Hybrid A*,True,12,10.0,0.0749,0.50,0.00,10,True
127,Fixed 50/50 Hybrid GBFS,True,11,10.0,0.0695,0.50,0.00,10,True
127,Confidence-Aware Hybrid A* (Ours),True,14,10.0,0.1020,0.8823,0.0368,10,True
127,Confidence-Aware Hybrid GBFS (Ours),True,13,10.0,0.0958,0.8557,0.0451,10,True
128,Classical A*,True,62852,53.0,1.1171,,,53,True
128,Paper Learned A*,True,2551,53.0,7.0867,,,53,True
128,Paper Learned GBFS,True,2216,86.0,6.1185,,,86,True
128,Fixed 50/50 Hybrid A*,True,4026,57.0,17.2580,0.50,0.00,57,True
128,Fixed 50/50 Hybrid GBFS,True,1790,86.0,7.8195,0.50,0.00,86,True
128,Confidence-Aware Hybrid A* (Ours),True,1684,53.0,7.4681,0.8818,0.0369,53,True
128,Confidence-Aware Hybrid GBFS (Ours),True,127,57.0,0.6381,0.9002,0.0312,57,True
129,Classical A*,True,50912,27.0,1.0922,,,27,True
129,Paper Learned A*,True,1494,27.0,5.0012,,,27,True
129,Paper Learned GBFS,True,78,39.0,0.2616,,,39,True
129,Fixed 50/50 Hybrid A*,True,1398,37.0,7.0738,0.50,0.00,37,True
129,Fixed 50/50 Hybrid GBFS,True,2823,43.0,12.2942,0.50,0.00,43,True
129,Confidence-Aware Hybrid A* (Ours),True,222,31.0,1.2736,0.8889,0.0347,31,True
129,Confidence-Aware Hybrid GBFS (Ours),True,3390,41.0,16.2122,0.8008,0.0622,41,True
130,Classical A*,True,47454,33.0,0.9527,,,33,True
130,Paper Learned A*,True,1528,33.0,4.9007,,,33,True
130,Paper Learned GBFS,True,65,39.0,0.2095,,,39,True
130,Fixed 50/50 Hybrid A*,True,531,39.0,2.2407,0.50,0.00,39,True
130,Fixed 50/50 Hybrid GBFS,True,8971,56.0,37.2843,0.50,0.00,56,True
130,Confidence-Aware Hybrid A* (Ours),True,417,39.0,2.1460,0.9068,0.0291,39,True
130,Confidence-Aware Hybrid GBFS (Ours),True,123,50.0,0.6958,0.9062,0.0293,50,True
131,Classical A*,True,36361,33.0,0.7390,,,33,True
131,Paper Learned A*,True,1157,33.0,3.7762,,,33,True
131,Paper Learned GBFS,True,51,40.0,0.1704,,,40,True
131,Fixed 50/50 Hybrid A*,True,525,37.0,2.3787,0.50,0.00,37,True
131,Fixed 50/50 Hybrid GBFS,True,21876,41.0,91.8990,0.50,0.00,41,True
131,Confidence-Aware Hybrid A* (Ours),True,501,35.0,2.7900,0.9003,0.0311,35,True
131,Confidence-Aware Hybrid GBFS (Ours),True,14976,46.0,59.3839,0.7856,0.0670,46,True
132,Classical A*,True,271,13.0,0.0052,,,13,True
132,Paper Learned A*,True,15,13.0,0.0637,,,13,True
132,Paper Learned GBFS,True,92,17.0,0.3161,,,17,True
132,Fixed 50/50 Hybrid A*,True,218,13.0,0.9293,0.50,0.00,13,True
132,Fixed 50/50 Hybrid GBFS,True,136,18.0,0.4864,0.50,0.00,18,True
132,Confidence-Aware Hybrid A* (Ours),True,22,18.0,0.1140,0.8326,0.0523,18,True
132,Confidence-Aware Hybrid GBFS (Ours),True,101,17.0,0.3851,0.8448,0.0485,17,True
133,Classical A*,True,4034,33.0,0.0633,,,33,True
133,Paper Learned A*,True,424,33.0,1.4661,,,33,True
133,Paper Learned GBFS,True,664,33.0,1.9941,,,33,True
133,Fixed 50/50 Hybrid A*,True,1135,35.0,4.2008,0.50,0.00,35,True
133,Fixed 50/50 Hybrid GBFS,True,1499,45.0,5.3975,0.50,0.00,45,True
133,Confidence-Aware Hybrid A* (Ours),True,460,39.0,1.9723,0.8973,0.0321,39,True
133,Confidence-Aware Hybrid GBFS (Ours),True,2946,33.0,10.5038,0.8414,0.0496,33,True
134,Classical A*,True,1453,16.0,0.0334,,,16,True
134,Paper Learned A*,True,40,16.0,0.1883,,,16,True
134,Paper Learned GBFS,True,18,16.0,0.0816,,,16,True
134,Fixed 50/50 Hybrid A*,True,39,19.0,0.1910,0.50,0.00,19,True
134,Fixed 50/50 Hybrid GBFS,True,26,21.0,0.1531,0.50,0.00,21,True
134,Confidence-Aware Hybrid A* (Ours),True,41,23.0,0.2329,0.8730,0.0397,23,True
134,Confidence-Aware Hybrid GBFS (Ours),True,25,19.0,0.1416,0.8588,0.0441,19,True
135,Classical A*,True,44191,52.0,0.7449,,,52,True
135,Paper Learned A*,True,7170,54.0,21.7487,,,54,True
135,Paper Learned GBFS,True,759,78.0,2.2381,,,78,True
135,Fixed 50/50 Hybrid A*,True,4107,54.0,17.0082,0.50,0.00,54,True
135,Fixed 50/50 Hybrid GBFS,True,1619,68.0,6.0322,0.50,0.00,68,True
135,Confidence-Aware Hybrid A* (Ours),True,3698,54.0,16.1392,0.8656,0.0420,54,True
135,Confidence-Aware Hybrid GBFS (Ours),True,867,70.0,3.3694,0.9047,0.0298,70,True
136,Classical A*,True,1689,22.0,0.0332,,,22,True
136,Paper Learned A*,True,139,22.0,0.5460,,,22,True
136,Paper Learned GBFS,True,443,22.0,1.3064,,,22,True
136,Fixed 50/50 Hybrid A*,True,617,24.0,2.4334,0.50,0.00,24,True
136,Fixed 50/50 Hybrid GBFS,True,37,26.0,0.2289,0.50,0.00,26,True
136,Confidence-Aware Hybrid A* (Ours),True,446,22.0,1.8674,0.8511,0.0465,22,True
136,Confidence-Aware Hybrid GBFS (Ours),True,929,23.0,3.5718,0.8073,0.0602,23,True
137,Classical A*,True,53175,35.0,1.1171,,,35,True
137,Paper Learned A*,True,2948,35.0,10.6682,,,35,True
137,Paper Learned GBFS,True,22092,47.0,65.0686,,,47,True
137,Fixed 50/50 Hybrid A*,True,423,38.0,1.8721,0.50,0.00,38,True
137,Fixed 50/50 Hybrid GBFS,True,104,45.0,0.5310,0.50,0.00,45,True
137,Confidence-Aware Hybrid A* (Ours),True,483,36.0,2.4759,0.9010,0.0309,36,True
137,Confidence-Aware Hybrid GBFS (Ours),True,51129,53.0,209.8672,0.7690,0.0722,53,True
138,Classical A*,True,9917,33.0,0.1876,,,33,True
138,Paper Learned A*,True,70,33.0,0.2221,,,33,True
138,Paper Learned GBFS,True,71,56.0,0.2331,,,56,True
138,Fixed 50/50 Hybrid A*,True,407,36.0,1.6117,0.50,0.00,36,True
138,Fixed 50/50 Hybrid GBFS,True,7064,74.0,24.2394,0.50,0.00,74,True
138,Confidence-Aware Hybrid A* (Ours),True,234,35.0,0.9796,0.9017,0.0307,35,True
138,Confidence-Aware Hybrid GBFS (Ours),True,7608,46.0,26.7981,0.8201,0.0562,46,True
139,Classical A*,True,3565,20.0,0.0655,,,20,True
139,Paper Learned A*,True,228,20.0,0.8248,,,20,True
139,Paper Learned GBFS,True,27,26.0,0.0992,,,26,True
139,Fixed 50/50 Hybrid A*,True,54,20.0,0.2322,0.50,0.00,20,True
139,Fixed 50/50 Hybrid GBFS,True,123,28.0,0.4984,0.50,0.00,28,True
139,Confidence-Aware Hybrid A* (Ours),True,32,20.0,0.1548,0.8887,0.0348,20,True
139,Confidence-Aware Hybrid GBFS (Ours),True,34,20.0,0.1605,0.8876,0.0351,20,True
140,Classical A*,True,31,9.0,0.0006,,,9,True
140,Paper Learned A*,True,10,9.0,0.0463,,,9,True
140,Paper Learned GBFS,True,10,9.0,0.0369,,,9,True
140,Fixed 50/50 Hybrid A*,True,13,9.0,0.0555,0.50,0.00,9,True
140,Fixed 50/50 Hybrid GBFS,True,10,9.0,0.0765,0.50,0.00,9,True
140,Confidence-Aware Hybrid A* (Ours),True,14,9.0,0.0622,0.8645,0.0423,9,True
140,Confidence-Aware Hybrid GBFS (Ours),True,13,11.0,0.0557,0.8005,0.0623,11,True
141,Classical A*,True,77,11.0,0.0019,,,11,True
141,Paper Learned A*,True,12,11.0,0.0474,,,11,True
141,Paper Learned GBFS,True,12,11.0,0.0465,,,11,True
141,Fixed 50/50 Hybrid A*,True,14,11.0,0.0806,0.50,0.00,11,True
141,Fixed 50/50 Hybrid GBFS,True,14,11.0,0.0729,0.50,0.00,11,True
141,Confidence-Aware Hybrid A* (Ours),True,14,11.0,0.0828,0.8970,0.0322,11,True
141,Confidence-Aware Hybrid GBFS (Ours),True,13,11.0,0.0722,0.9250,0.0234,11,True
142,Classical A*,True,527,27.0,0.0107,,,27,True
142,Paper Learned A*,True,114,27.0,0.3280,,,27,True
142,Paper Learned GBFS,True,87,35.0,0.2566,,,35,True
142,Fixed 50/50 Hybrid A*,True,136,31.0,0.5275,0.50,0.00,31,True
142,Fixed 50/50 Hybrid GBFS,True,66,33.0,0.2757,0.50,0.00,33,True
142,Confidence-Aware Hybrid A* (Ours),True,55,27.0,0.2331,0.8861,0.0356,27,True
142,Confidence-Aware Hybrid GBFS (Ours),True,85,39.0,0.3608,0.9124,0.0274,39,True
143,Classical A*,True,890,16.0,0.0173,,,16,True
143,Paper Learned A*,True,71,16.0,0.2430,,,16,True
143,Paper Learned GBFS,True,17,16.0,0.0593,,,16,True
143,Fixed 50/50 Hybrid A*,True,35,18.0,0.1683,0.50,0.00,18,True
143,Fixed 50/50 Hybrid GBFS,True,23,16.0,0.1267,0.50,0.00,16,True
143,Confidence-Aware Hybrid A* (Ours),True,27,16.0,0.1378,0.8431,0.0490,16,True
143,Confidence-Aware Hybrid GBFS (Ours),True,18,16.0,0.0885,0.8581,0.0443,16,True
144,Classical A*,True,155,13.0,0.0028,,,13,True
144,Paper Learned A*,True,16,13.0,0.0716,,,13,True
144,Paper Learned GBFS,True,14,13.0,0.0516,,,13,True
144,Fixed 50/50 Hybrid A*,True,21,13.0,0.1035,0.50,0.00,13,True
144,Fixed 50/50 Hybrid GBFS,True,14,13.0,0.0767,0.50,0.00,13,True
144,Confidence-Aware Hybrid A* (Ours),True,23,13.0,0.1172,0.9022,0.0306,13,True
144,Confidence-Aware Hybrid GBFS (Ours),True,19,13.0,0.0976,0.8926,0.0336,13,True
145,Classical A*,True,951,20.0,0.0193,,,20,True
145,Paper Learned A*,True,80,20.0,0.2634,,,20,True
145,Paper Learned GBFS,True,21,20.0,0.0767,,,20,True
145,Fixed 50/50 Hybrid A*,True,397,39.0,1.6463,0.50,0.00,39,True
145,Fixed 50/50 Hybrid GBFS,True,1104,26.0,4.2683,0.50,0.00,26,True
145,Confidence-Aware Hybrid A* (Ours),True,50,26.0,0.2410,0.8431,0.0490,26,True
145,Confidence-Aware Hybrid GBFS (Ours),True,63,31.0,0.3069,0.8564,0.0449,31,True
146,Classical A*,True,3263,26.0,0.0581,,,26,True
146,Paper Learned A*,True,208,26.0,0.7242,,,26,True
146,Paper Learned GBFS,True,396,26.0,1.0907,,,26,True
146,Fixed 50/50 Hybrid A*,True,907,26.0,3.1134,0.50,0.00,26,True
146,Fixed 50/50 Hybrid GBFS,True,645,26.0,2.1462,0.50,0.00,26,True
146,Confidence-Aware Hybrid A* (Ours),True,403,26.0,1.4396,0.8648,0.0423,26,True
146,Confidence-Aware Hybrid GBFS (Ours),True,1691,40.0,5.8263,0.8002,0.0624,40,True
147,Classical A*,True,46666,40.0,0.7858,,,40,True
147,Paper Learned A*,True,1066,40.0,3.0012,,,40,True
147,Paper Learned GBFS,True,1687,68.0,4.1996,,,68,True
147,Fixed 50/50 Hybrid A*,True,884,46.0,3.5184,0.50,0.00,46,True
147,Fixed 50/50 Hybrid GBFS,True,171,50.0,0.7153,0.50,0.00,50,True
147,Confidence-Aware Hybrid A* (Ours),True,591,48.0,2.5040,0.8907,0.0342,48,True
147,Confidence-Aware Hybrid GBFS (Ours),True,128,50.0,0.6315,0.9006,0.0311,50,True
148,Classical A*,True,250,14.0,0.0051,,,14,True
148,Paper Learned A*,True,34,14.0,0.1334,,,14,True
148,Paper Learned GBFS,True,17,14.0,0.0673,,,14,True
148,Fixed 50/50 Hybrid A*,True,41,14.0,0.1805,0.50,0.00,14,True
148,Fixed 50/50 Hybrid GBFS,True,18,14.0,0.0887,0.50,0.00,14,True
148,Confidence-Aware Hybrid A* (Ours),True,21,14.0,0.1009,0.8481,0.0475,14,True
148,Confidence-Aware Hybrid GBFS (Ours),True,19,14.0,0.1097,0.8605,0.0436,14,True
149,Classical A*,True,1824,18.0,0.0418,,,18,True
149,Paper Learned A*,True,52,18.0,0.1738,,,18,True
149,Paper Learned GBFS,True,19,18.0,0.0705,,,18,True
149,Fixed 50/50 Hybrid A*,True,41,18.0,0.1940,0.50,0.00,18,True
149,Fixed 50/50 Hybrid GBFS,True,21,18.0,0.1113,0.50,0.00,18,True
149,Confidence-Aware Hybrid A* (Ours),True,51,22.0,0.2499,0.9017,0.0307,22,True
149,Confidence-Aware Hybrid GBFS (Ours),True,29,20.0,0.1730,0.8730,0.0397,20,True
150,Classical A*,True,1555,16.0,0.0370,,,16,True
150,Paper Learned A*,True,73,16.0,0.2800,,,16,True
150,Paper Learned GBFS,True,22,21.0,0.0845,,,21,True
150,Fixed 50/50 Hybrid A*,True,81,21.0,0.3828,0.50,0.00,21,True
150,Fixed 50/50 Hybrid GBFS,True,46,23.0,0.2323,0.50,0.00,23,True
150,Confidence-Aware Hybrid A* (Ours),True,48,19.0,0.2458,0.8854,0.0358,19,True
150,Confidence-Aware Hybrid GBFS (Ours),True,32,24.0,0.1833,0.8471,0.0478,24,True
151,Classical A*,True,1525,21.0,0.0373,,,21,True
151,Paper Learned A*,True,141,21.0,0.5019,,,21,True
151,Paper Learned GBFS,True,22,21.0,0.0765,,,21,True
151,Fixed 50/50 Hybrid A*,True,50,21.0,0.2028,0.50,0.00,21,True
151,Fixed 50/50 Hybrid GBFS,True,31,21.0,0.1619,0.50,0.00,21,True
151,Confidence-Aware Hybrid A* (Ours),True,35,21.0,0.1926,0.8631,0.0428,21,True
151,Confidence-Aware Hybrid GBFS (Ours),True,58,33.0,0.2947,0.9062,0.0293,33,True
152,Classical A*,False,100000,inf,1.8899,,,0,False
152,Paper Learned A*,True,6755,49.0,24.3473,,,49,True
152,Paper Learned GBFS,True,64,57.0,0.2512,,,57,True
152,Fixed 50/50 Hybrid A*,True,1547,49.0,6.7453,0.50,0.00,49,True
152,Fixed 50/50 Hybrid GBFS,True,2526,79.0,10.1561,0.50,0.00,79,True
152,Confidence-Aware Hybrid A* (Ours),True,2814,49.0,13.1378,0.8849,0.0360,49,True
152,Confidence-Aware Hybrid GBFS (Ours),True,466,85.0,2.1286,0.9449,0.0172,85,True
153,Classical A*,True,32307,27.0,0.6425,,,27,True
153,Paper Learned A*,True,794,27.0,2.9843,,,27,True
153,Paper Learned GBFS,True,39,35.0,0.2249,,,35,True
153,Fixed 50/50 Hybrid A*,True,150,28.0,0.8834,0.50,0.00,28,True
153,Fixed 50/50 Hybrid GBFS,True,63,35.0,0.4993,0.50,0.00,35,True
153,Confidence-Aware Hybrid A* (Ours),True,188,31.0,1.4008,0.9133,0.0271,31,True
153,Confidence-Aware Hybrid GBFS (Ours),True,59,30.0,0.3957,0.9241,0.0237,30,True
154,Classical A*,True,19169,49.0,0.4004,,,49,True
154,Paper Learned A*,True,2177,49.0,7.3075,,,49,True
154,Paper Learned GBFS,True,1357,49.0,4.0561,,,49,True
154,Fixed 50/50 Hybrid A*,True,1702,49.0,7.0168,0.50,0.00,49,True
154,Fixed 50/50 Hybrid GBFS,True,2167,49.0,8.4825,0.50,0.00,49,True
154,Confidence-Aware Hybrid A* (Ours),True,1255,49.0,7.4566,0.8989,0.0316,49,True
154,Confidence-Aware Hybrid GBFS (Ours),True,1670,85.0,6.9662,0.9138,0.0269,85,True
155,Classical A*,True,271,15.0,0.0078,,,15,True
155,Paper Learned A*,True,27,15.0,0.1399,,,15,True
155,Paper Learned GBFS,True,16,15.0,0.0706,,,15,True
155,Fixed 50/50 Hybrid A*,True,49,24.0,0.2811,0.50,0.00,24,True
155,Fixed 50/50 Hybrid GBFS,True,36,25.0,0.2352,0.50,0.00,25,True
155,Confidence-Aware Hybrid A* (Ours),True,44,25.0,0.2140,0.8928,0.0335,25,True
155,Confidence-Aware Hybrid GBFS (Ours),True,50,26.0,0.2602,0.8749,0.0391,26,True
156,Classical A*,True,1293,21.0,0.0247,,,21,True
156,Paper Learned A*,True,91,21.0,0.4143,,,21,True
156,Paper Learned GBFS,True,25,21.0,0.1086,,,21,True
156,Fixed 50/50 Hybrid A*,True,67,22.0,0.3484,0.50,0.00,22,True
156,Fixed 50/50 Hybrid GBFS,True,28,25.0,0.1692,0.50,0.00,25,True
156,Confidence-Aware Hybrid A* (Ours),True,66,26.0,0.3454,0.8396,0.0501,26,True
156,Confidence-Aware Hybrid GBFS (Ours),True,46,21.0,0.3518,0.8583,0.0443,21,True
157,Classical A*,True,3836,22.0,0.1246,,,22,True
157,Paper Learned A*,True,247,22.0,1.0921,,,22,True
157,Paper Learned GBFS,True,32,24.0,0.1422,,,24,True
157,Fixed 50/50 Hybrid A*,True,68,24.0,0.3607,0.50,0.00,24,True
157,Fixed 50/50 Hybrid GBFS,True,29,22.0,0.1828,0.50,0.00,22,True
157,Confidence-Aware Hybrid A* (Ours),True,82,22.0,0.4202,0.9099,0.0282,22,True
157,Confidence-Aware Hybrid GBFS (Ours),True,42,24.0,0.2684,0.9046,0.0298,24,True
158,Classical A*,True,2167,28.0,0.0508,,,28,True
158,Paper Learned A*,True,99,28.0,0.3837,,,28,True
158,Paper Learned GBFS,True,5476,50.0,17.7475,,,50,True
158,Fixed 50/50 Hybrid A*,True,1058,42.0,4.7568,0.50,0.00,42,True
158,Fixed 50/50 Hybrid GBFS,True,523,48.0,2.5212,0.50,0.00,48,True
158,Confidence-Aware Hybrid A* (Ours),True,190,34.0,1.0572,0.8808,0.0373,34,True
158,Confidence-Aware Hybrid GBFS (Ours),True,3573,52.0,15.8135,0.8418,0.0494,52,True
159,Classical A*,True,12496,34.0,0.2479,,,34,True
159,Paper Learned A*,True,617,34.0,2.2428,,,34,True
159,Paper Learned GBFS,True,52,39.0,0.2147,,,39,True
159,Fixed 50/50 Hybrid A*,True,165,34.0,0.7325,0.50,0.00,34,True
159,Fixed 50/50 Hybrid GBFS,True,82,39.0,0.3965,0.50,0.00,39,True
159,Confidence-Aware Hybrid A* (Ours),True,111,39.0,0.6609,0.9176,0.0258,39,True
159,Confidence-Aware Hybrid GBFS (Ours),True,59,34.0,0.2746,0.8604,0.0436,34,True
160,Classical A*,True,13289,29.0,0.2566,,,29,True
160,Paper Learned A*,True,603,29.0,2.0342,,,29,True
160,Paper Learned GBFS,True,30,29.0,0.1866,,,29,True
160,Fixed 50/50 Hybrid A*,True,273,31.0,1.3732,0.50,0.00,31,True
160,Fixed 50/50 Hybrid GBFS,True,38,29.0,0.2551,0.50,0.00,29,True
160,Confidence-Aware Hybrid A* (Ours),True,770,31.0,3.5222,0.8549,0.0453,31,True
160,Confidence-Aware Hybrid GBFS (Ours),True,97,31.0,0.4624,0.8510,0.0466,31,True
161,Classical A*,True,3340,21.0,0.0624,,,21,True
161,Paper Learned A*,True,192,21.0,0.6959,,,21,True
161,Paper Learned GBFS,True,26,21.0,0.1068,,,21,True
161,Fixed 50/50 Hybrid A*,True,54,22.0,0.2714,0.50,0.00,22,True
161,Fixed 50/50 Hybrid GBFS,True,35,22.0,0.1865,0.50,0.00,22,True
161,Confidence-Aware Hybrid A* (Ours),True,49,21.0,0.3315,0.8965,0.0323,21,True
161,Confidence-Aware Hybrid GBFS (Ours),True,40,22.0,0.2163,0.9143,0.0268,22,True
162,Classical A*,True,60618,42.0,1.1047,,,42,True
162,Paper Learned A*,True,6610,42.0,21.0343,,,42,True
162,Paper Learned GBFS,True,1392,48.0,4.4535,,,48,True
162,Fixed 50/50 Hybrid A*,True,4154,46.0,17.2742,0.50,0.00,46,True
162,Fixed 50/50 Hybrid GBFS,True,6153,66.0,25.7795,0.50,0.00,66,True
162,Confidence-Aware Hybrid A* (Ours),True,710,42.0,3.3170,0.8968,0.0323,42,True
162,Confidence-Aware Hybrid GBFS (Ours),True,2162,48.0,8.5822,0.8442,0.0487,48,True
163,Classical A*,True,3574,34.0,0.0935,,,34,True
163,Paper Learned A*,True,530,34.0,1.9334,,,34,True
163,Paper Learned GBFS,True,312,34.0,0.9300,,,34,True
163,Fixed 50/50 Hybrid A*,True,483,44.0,2.0158,0.50,0.00,44,True
163,Fixed 50/50 Hybrid GBFS,True,468,48.0,1.8714,0.50,0.00,48,True
163,Confidence-Aware Hybrid A* (Ours),True,88,34.0,0.4149,0.8888,0.0347,34,True
163,Confidence-Aware Hybrid GBFS (Ours),True,431,34.0,1.7652,0.8803,0.0374,34,True
164,Classical A*,True,881,23.0,0.0160,,,23,True
164,Paper Learned A*,True,77,23.0,0.2308,,,23,True
164,Paper Learned GBFS,True,24,23.0,0.1048,,,23,True
164,Fixed 50/50 Hybrid A*,True,69,23.0,0.3067,0.50,0.00,23,True
164,Fixed 50/50 Hybrid GBFS,True,30,23.0,0.1486,0.50,0.00,23,True
164,Confidence-Aware Hybrid A* (Ours),True,50,23.0,0.2363,0.8632,0.0428,23,True
164,Confidence-Aware Hybrid GBFS (Ours),True,40,23.0,0.1812,0.9020,0.0306,23,True
165,Classical A*,True,299,14.0,0.0075,,,14,True
165,Paper Learned A*,True,26,14.0,0.1100,,,14,True
165,Paper Learned GBFS,True,15,14.0,0.0712,,,14,True
165,Fixed 50/50 Hybrid A*,True,27,16.0,0.1569,0.50,0.00,16,True
165,Fixed 50/50 Hybrid GBFS,True,58,21.0,0.4384,0.50,0.00,21,True
165,Confidence-Aware Hybrid A* (Ours),True,18,14.0,0.1015,0.8817,0.0370,14,True
165,Confidence-Aware Hybrid GBFS (Ours),True,35,21.0,0.1792,0.8613,0.0433,21,True
166,Classical A*,True,6793,27.0,0.1195,,,27,True
166,Paper Learned A*,True,589,27.0,1.9229,,,27,True
166,Paper Learned GBFS,True,145,41.0,0.4623,,,41,True
166,Fixed 50/50 Hybrid A*,True,91,27.0,0.4535,0.50,0.00,27,True
166,Fixed 50/50 Hybrid GBFS,True,179,35.0,0.7871,0.50,0.00,35,True
166,Confidence-Aware Hybrid A* (Ours),True,160,27.0,0.8623,0.8802,0.0374,27,True
166,Confidence-Aware Hybrid GBFS (Ours),True,141,37.0,0.6195,0.8941,0.0331,37,True
167,Classical A*,True,736,22.0,0.0152,,,22,True
167,Paper Learned A*,True,70,22.0,0.2723,,,22,True
167,Paper Learned GBFS,True,43,30.0,0.1793,,,30,True
167,Fixed 50/50 Hybrid A*,True,61,22.0,0.3405,0.50,0.00,22,True
167,Fixed 50/50 Hybrid GBFS,True,34,24.0,0.2224,0.50,0.00,24,True
167,Confidence-Aware Hybrid A* (Ours),True,56,24.0,0.4472,0.8604,0.0436,24,True
167,Confidence-Aware Hybrid GBFS (Ours),True,51,22.0,0.2905,0.8954,0.0327,22,True
168,Classical A*,True,1296,18.0,0.0282,,,18,True
168,Paper Learned A*,True,61,18.0,0.3235,,,18,True
168,Paper Learned GBFS,True,53,18.0,0.2843,,,18,True
168,Fixed 50/50 Hybrid A*,True,58,18.0,0.2947,0.50,0.00,18,True
168,Fixed 50/50 Hybrid GBFS,True,6243,18.0,23.4674,0.50,0.00,18,True
168,Confidence-Aware Hybrid A* (Ours),True,31,18.0,0.1861,0.8782,0.0381,18,True
168,Confidence-Aware Hybrid GBFS (Ours),True,80,18.0,0.4166,0.8569,0.0447,18,True
169,Classical A*,True,5237,26.0,0.1315,,,26,True
169,Paper Learned A*,True,214,26.0,1.1255,,,26,True
169,Paper Learned GBFS,True,52,29.0,0.2119,,,29,True
169,Fixed 50/50 Hybrid A*,True,81,26.0,0.4313,0.50,0.00,26,True
169,Fixed 50/50 Hybrid GBFS,True,42,29.0,0.2248,0.50,0.00,29,True
169,Confidence-Aware Hybrid A* (Ours),True,62,26.0,0.4461,0.8958,0.0326,26,True
169,Confidence-Aware Hybrid GBFS (Ours),True,45,26.0,0.3493,0.8615,0.0433,26,True
170,Classical A*,True,15882,35.0,0.3380,,,35,True
170,Paper Learned A*,True,1655,35.0,5.6917,,,35,True
170,Paper Learned GBFS,True,802,55.0,2.3416,,,55,True
170,Fixed 50/50 Hybrid A*,True,1565,35.0,5.8384,0.50,0.00,35,True
170,Fixed 50/50 Hybrid GBFS,True,895,51.0,3.8454,0.50,0.00,51,True
170,Confidence-Aware Hybrid A* (Ours),True,4271,39.0,17.2298,0.8337,0.0520,39,True
170,Confidence-Aware Hybrid GBFS (Ours),True,163,37.0,0.7168,0.8006,0.0623,37,True
171,Classical A*,True,7994,31.0,0.1998,,,31,True
171,Paper Learned A*,True,220,31.0,0.8363,,,31,True
171,Paper Learned GBFS,True,34,33.0,0.1376,,,33,True
171,Fixed 50/50 Hybrid A*,True,162,31.0,0.7820,0.50,0.00,31,True
171,Fixed 50/50 Hybrid GBFS,True,69,35.0,0.3682,0.50,0.00,35,True
171,Confidence-Aware Hybrid A* (Ours),True,259,33.0,1.1853,0.9189,0.0253,33,True
171,Confidence-Aware Hybrid GBFS (Ours),True,53,31.0,0.2689,0.9374,0.0196,31,True
172,Classical A*,True,6484,25.0,0.1137,,,25,True
172,Paper Learned A*,True,344,25.0,1.2254,,,25,True
172,Paper Learned GBFS,True,58,26.0,0.2632,,,26,True
172,Fixed 50/50 Hybrid A*,True,85,26.0,0.4478,0.50,0.00,26,True
172,Fixed 50/50 Hybrid GBFS,True,76,26.0,0.3800,0.50,0.00,26,True
172,Confidence-Aware Hybrid A* (Ours),True,86,26.0,0.6372,0.8709,0.0403,26,True
172,Confidence-Aware Hybrid GBFS (Ours),True,56,26.0,0.3236,0.9287,0.0223,26,True
173,Classical A*,True,6755,24.0,0.1254,,,24,True
173,Paper Learned A*,True,388,24.0,1.3426,,,24,True
173,Paper Learned GBFS,True,58,33.0,0.2147,,,33,True
173,Fixed 50/50 Hybrid A*,True,231,32.0,1.0313,0.50,0.00,32,True
173,Fixed 50/50 Hybrid GBFS,True,51,29.0,0.2513,0.50,0.00,29,True
173,Confidence-Aware Hybrid A* (Ours),True,309,24.0,1.3982,0.8634,0.0427,24,True
173,Confidence-Aware Hybrid GBFS (Ours),True,239,29.0,1.2222,0.8320,0.0525,29,True
174,Classical A*,True,628,14.0,0.0167,,,14,True
174,Paper Learned A*,True,38,14.0,0.1616,,,14,True
174,Paper Learned GBFS,True,15,14.0,0.0675,,,14,True
174,Fixed 50/50 Hybrid A*,True,29,16.0,0.1823,0.50,0.00,16,True
174,Fixed 50/50 Hybrid GBFS,True,29,21.0,0.1875,0.50,0.00,21,True
174,Confidence-Aware Hybrid A* (Ours),True,22,14.0,0.1228,0.8902,0.0343,14,True
174,Confidence-Aware Hybrid GBFS (Ours),True,29,16.0,0.1599,0.8886,0.0348,16,True
175,Classical A*,True,32124,38.0,0.5277,,,38,True
175,Paper Learned A*,True,7483,38.0,23.6599,,,38,True
175,Paper Learned GBFS,True,928,56.0,3.1565,,,56,True
175,Fixed 50/50 Hybrid A*,True,1170,38.0,4.7007,0.50,0.00,38,True
175,Fixed 50/50 Hybrid GBFS,True,2133,50.0,8.3672,0.50,0.00,50,True
175,Confidence-Aware Hybrid A* (Ours),True,1390,42.0,5.8733,0.8240,0.0550,42,True
175,Confidence-Aware Hybrid GBFS (Ours),True,400,48.0,1.6391,0.8716,0.0401,48,True
176,Classical A*,True,52247,54.0,0.9774,,,54,True
176,Paper Learned A*,True,6873,54.0,20.3641,,,54,True
176,Paper Learned GBFS,True,25779,88.0,78.1258,,,88,True
176,Fixed 50/50 Hybrid A*,True,2671,54.0,11.5491,0.50,0.00,54,True
176,Fixed 50/50 Hybrid GBFS,True,48462,89.0,209.8728,0.50,0.00,89,True
176,Confidence-Aware Hybrid A* (Ours),True,3051,54.0,16.3251,0.8856,0.0358,54,True
176,Confidence-Aware Hybrid GBFS (Ours),True,3937,81.0,18.5935,0.9009,0.0310,81,True
177,Classical A*,True,3370,25.0,0.0731,,,25,True
177,Paper Learned A*,True,161,25.0,0.7960,,,25,True
177,Paper Learned GBFS,True,116,26.0,0.5450,,,26,True
177,Fixed 50/50 Hybrid A*,True,195,33.0,1.0793,0.50,0.00,33,True
177,Fixed 50/50 Hybrid GBFS,True,272,40.0,1.3761,0.50,0.00,40,True
177,Confidence-Aware Hybrid A* (Ours),True,62,25.0,0.4628,0.8979,0.0319,25,True
177,Confidence-Aware Hybrid GBFS (Ours),True,73,25.0,0.4977,0.8724,0.0399,25,True
178,Classical A*,True,612,14.0,0.0244,,,14,True
178,Paper Learned A*,True,49,14.0,0.3273,,,14,True
178,Paper Learned GBFS,True,37,15.0,0.2167,,,15,True
178,Fixed 50/50 Hybrid A*,True,33,17.0,0.3121,0.50,0.00,17,True
178,Fixed 50/50 Hybrid GBFS,True,33,15.0,0.2217,0.50,0.00,15,True
178,Confidence-Aware Hybrid A* (Ours),True,34,15.0,0.2047,0.8578,0.0444,15,True
178,Confidence-Aware Hybrid GBFS (Ours),True,31,14.0,0.1855,0.8940,0.0331,14,True
179,Classical A*,True,512,17.0,0.0098,,,17,True
179,Paper Learned A*,True,53,17.0,0.2746,,,17,True
179,Paper Learned GBFS,True,23,18.0,0.2114,,,18,True
179,Fixed 50/50 Hybrid A*,True,23,17.0,0.2093,0.50,0.00,17,True
179,Fixed 50/50 Hybrid GBFS,True,32,17.0,0.1706,0.50,0.00,17,True
179,Confidence-Aware Hybrid A* (Ours),True,27,17.0,0.1394,0.8693,0.0408,17,True
179,Confidence-Aware Hybrid GBFS (Ours),True,46,17.0,0.2127,0.8600,0.0438,17,True
180,Classical A*,True,22481,47.0,0.3674,,,47,True
180,Paper Learned A*,True,7361,47.0,23.1853,,,47,True
180,Paper Learned GBFS,True,3890,55.0,12.4407,,,55,True
180,Fixed 50/50 Hybrid A*,True,6496,56.0,28.8896,0.50,0.00,56,True
180,Fixed 50/50 Hybrid GBFS,True,3432,79.0,17.4973,0.50,0.00,79,True
180,Confidence-Aware Hybrid A* (Ours),True,1772,49.0,9.0376,0.8800,0.0375,49,True
180,Confidence-Aware Hybrid GBFS (Ours),True,301,55.0,1.4025,0.9282,0.0224,55,True
181,Classical A*,True,3479,27.0,0.0794,,,27,True
181,Paper Learned A*,True,119,27.0,0.6185,,,27,True
181,Paper Learned GBFS,True,298,34.0,0.9051,,,34,True
181,Fixed 50/50 Hybrid A*,True,450,34.0,1.8793,0.50,0.00,34,True
181,Fixed 50/50 Hybrid GBFS,True,1044,27.0,4.4161,0.50,0.00,27,True
181,Confidence-Aware Hybrid A* (Ours),True,159,27.0,0.8121,0.8691,0.0409,27,True
181,Confidence-Aware Hybrid GBFS (Ours),True,359,36.0,1.7235,0.8008,0.0622,36,True
182,Classical A*,True,12063,41.0,0.2113,,,41,True
182,Paper Learned A*,True,2076,41.0,7.9661,,,41,True
182,Paper Learned GBFS,True,4077,68.0,14.6800,,,68,True
182,Fixed 50/50 Hybrid A*,True,827,48.0,3.5075,0.50,0.00,48,True
182,Fixed 50/50 Hybrid GBFS,True,5081,63.0,22.6004,0.50,0.00,63,True
182,Confidence-Aware Hybrid A* (Ours),True,1227,46.0,7.1451,0.8763,0.0386,46,True
182,Confidence-Aware Hybrid GBFS (Ours),True,8352,70.0,37.0166,0.8464,0.0480,70,True
183,Classical A*,True,1479,21.0,0.0341,,,21,True
183,Paper Learned A*,True,94,21.0,0.4029,,,21,True
183,Paper Learned GBFS,True,61,29.0,0.2917,,,29,True
183,Fixed 50/50 Hybrid A*,True,60,22.0,0.3152,0.50,0.00,22,True
183,Fixed 50/50 Hybrid GBFS,True,39,24.0,0.2056,0.50,0.00,24,True
183,Confidence-Aware Hybrid A* (Ours),True,65,21.0,0.4698,0.8745,0.0392,21,True
183,Confidence-Aware Hybrid GBFS (Ours),True,81,34.0,0.4062,0.8989,0.0316,34,True
184,Classical A*,True,9768,31.0,0.2440,,,31,True
184,Paper Learned A*,True,600,31.0,2.3423,,,31,True
184,Paper Learned GBFS,True,61,43.0,0.2398,,,43,True
184,Fixed 50/50 Hybrid A*,True,774,35.0,3.3975,0.50,0.00,35,True
184,Fixed 50/50 Hybrid GBFS,True,500,49.0,2.5238,0.50,0.00,49,True
184,Confidence-Aware Hybrid A* (Ours),True,407,33.0,2.1089,0.8703,0.0405,33,True
184,Confidence-Aware Hybrid GBFS (Ours),True,511,51.0,2.5984,0.8844,0.0361,51,True
185,Classical A*,True,25259,66.0,0.4533,,,66,True
185,Paper Learned A*,True,17092,66.0,56.4080,,,66,True
185,Paper Learned GBFS,True,10262,75.0,34.3434,,,75,True
185,Fixed 50/50 Hybrid A*,True,12384,71.0,52.2951,0.50,0.00,71,True
185,Fixed 50/50 Hybrid GBFS,True,11854,69.0,48.3840,0.50,0.00,69,True
185,Confidence-Aware Hybrid A* (Ours),True,11907,71.0,50.4082,0.8520,0.0462,71,True
185,Confidence-Aware Hybrid GBFS (Ours),True,8616,73.0,36.1975,0.8439,0.0488,73,True
186,Classical A*,True,2802,27.0,0.0488,,,27,True
186,Paper Learned A*,True,351,27.0,1.3731,,,27,True
186,Paper Learned GBFS,True,92,39.0,0.3903,,,39,True
186,Fixed 50/50 Hybrid A*,True,199,29.0,1.3675,0.50,0.00,29,True
186,Fixed 50/50 Hybrid GBFS,True,131,29.0,0.6780,0.50,0.00,29,True
186,Confidence-Aware Hybrid A* (Ours),True,82,27.0,0.5620,0.9014,0.0308,27,True
186,Confidence-Aware Hybrid GBFS (Ours),True,128,39.0,0.7559,0.8911,0.0340,39,True
187,Classical A*,True,21117,36.0,0.4811,,,36,True
187,Paper Learned A*,True,1530,36.0,5.6468,,,36,True
187,Paper Learned GBFS,True,55,36.0,0.2893,,,36,True
187,Fixed 50/50 Hybrid A*,True,2168,41.0,9.8016,0.50,0.00,41,True
187,Fixed 50/50 Hybrid GBFS,True,2428,42.0,11.0559,0.50,0.00,42,True
187,Confidence-Aware Hybrid A* (Ours),True,584,42.0,3.3108,0.8593,0.0440,42,True
187,Confidence-Aware Hybrid GBFS (Ours),True,2303,44.0,11.2075,0.8195,0.0564,44,True
188,Classical A*,True,57241,46.0,1.0958,,,46,True
188,Paper Learned A*,True,8391,46.0,30.5199,,,46,True
188,Paper Learned GBFS,True,837,64.0,3.0662,,,64,True
188,Fixed 50/50 Hybrid A*,True,1794,48.0,8.2919,0.50,0.00,48,True
188,Fixed 50/50 Hybrid GBFS,True,5111,62.0,23.2145,0.50,0.00,62,True
188,Confidence-Aware Hybrid A* (Ours),True,1526,48.0,7.4126,0.8843,0.0361,48,True
188,Confidence-Aware Hybrid GBFS (Ours),True,780,48.0,3.5690,0.8783,0.0380,48,True
189,Classical A*,True,2032,26.0,0.0440,,,26,True
189,Paper Learned A*,True,159,26.0,0.7259,,,26,True
189,Paper Learned GBFS,True,72,26.0,0.2841,,,26,True
189,Fixed 50/50 Hybrid A*,True,119,28.0,0.6284,0.50,0.00,28,True
189,Fixed 50/50 Hybrid GBFS,True,1643,28.0,7.6062,0.50,0.00,28,True
189,Confidence-Aware Hybrid A* (Ours),True,92,26.0,0.4988,0.9023,0.0305,26,True
189,Confidence-Aware Hybrid GBFS (Ours),True,79,26.0,0.4399,0.8939,0.0331,26,True
190,Classical A*,True,5693,25.0,0.1506,,,25,True
190,Paper Learned A*,True,199,25.0,0.8664,,,25,True
190,Paper Learned GBFS,True,26,25.0,0.1385,,,25,True
190,Fixed 50/50 Hybrid A*,True,158,29.0,0.9254,0.50,0.00,29,True
190,Fixed 50/50 Hybrid GBFS,True,226,29.0,1.2570,0.50,0.00,29,True
190,Confidence-Aware Hybrid A* (Ours),True,69,25.0,0.4792,0.8913,0.0340,25,True
190,Confidence-Aware Hybrid GBFS (Ours),True,48,25.0,0.3071,0.8744,0.0393,25,True
191,Classical A*,True,10731,26.0,0.2274,,,26,True
191,Paper Learned A*,True,737,26.0,3.1647,,,26,True
191,Paper Learned GBFS,True,173,38.0,0.6994,,,38,True
191,Fixed 50/50 Hybrid A*,True,550,28.0,2.7132,0.50,0.00,28,True
191,Fixed 50/50 Hybrid GBFS,True,1473,42.0,6.8254,0.50,0.00,42,True
191,Confidence-Aware Hybrid A* (Ours),True,605,38.0,3.3105,0.8470,0.0478,38,True
191,Confidence-Aware Hybrid GBFS (Ours),True,315,40.0,1.4696,0.8612,0.0434,40,True
192,Classical A*,True,1354,27.0,0.0259,,,27,True
192,Paper Learned A*,True,247,27.0,1.2397,,,27,True
192,Paper Learned GBFS,True,28,27.0,0.2132,,,27,True
192,Fixed 50/50 Hybrid A*,True,209,27.0,0.9804,0.50,0.00,27,True
192,Fixed 50/50 Hybrid GBFS,True,161,29.0,0.8603,0.50,0.00,29,True
192,Confidence-Aware Hybrid A* (Ours),True,75,27.0,0.3902,0.8418,0.0494,27,True
192,Confidence-Aware Hybrid GBFS (Ours),True,42,27.0,0.2421,0.9006,0.0311,27,True
193,Classical A*,True,8959,34.0,0.2343,,,34,True
193,Paper Learned A*,True,1299,34.0,5.5658,,,34,True
193,Paper Learned GBFS,True,37,34.0,0.1982,,,34,True
193,Fixed 50/50 Hybrid A*,True,314,34.0,1.8988,0.50,0.00,34,True
193,Fixed 50/50 Hybrid GBFS,True,64,39.0,0.5185,0.50,0.00,39,True
193,Confidence-Aware Hybrid A* (Ours),True,193,36.0,1.1324,0.8984,0.0318,36,True
193,Confidence-Aware Hybrid GBFS (Ours),True,416,58.0,2.1505,0.9048,0.0298,58,True
194,Classical A*,True,312,17.0,0.0064,,,17,True
194,Paper Learned A*,True,23,17.0,0.1165,,,17,True
194,Paper Learned GBFS,True,19,17.0,0.0918,,,17,True
194,Fixed 50/50 Hybrid A*,True,25,17.0,0.1743,0.50,0.00,17,True
194,Fixed 50/50 Hybrid GBFS,True,21,17.0,0.1280,0.50,0.00,17,True
194,Confidence-Aware Hybrid A* (Ours),True,23,17.0,0.1788,0.8870,0.0353,17,True
194,Confidence-Aware Hybrid GBFS (Ours),True,23,17.0,0.1521,0.9305,0.0217,17,True
195,Classical A*,True,75,13.0,0.0013,,,13,True
195,Paper Learned A*,True,24,13.0,0.1996,,,13,True
195,Paper Learned GBFS,True,14,13.0,0.0773,,,13,True
195,Fixed 50/50 Hybrid A*,True,16,13.0,0.1121,0.50,0.00,13,True
195,Fixed 50/50 Hybrid GBFS,True,20,13.0,0.1188,0.50,0.00,13,True
195,Confidence-Aware Hybrid A* (Ours),True,23,15.0,0.1385,0.7923,0.0649,15,True
195,Confidence-Aware Hybrid GBFS (Ours),True,21,16.0,0.1364,0.8885,0.0348,16,True
196,Classical A*,True,4151,30.0,0.0874,,,30,True
196,Paper Learned A*,True,210,30.0,0.9901,,,30,True
196,Paper Learned GBFS,True,141,44.0,0.5865,,,44,True
196,Fixed 50/50 Hybrid A*,True,174,30.0,0.9224,0.50,0.00,30,True
196,Fixed 50/50 Hybrid GBFS,True,228,60.0,1.0730,0.50,0.00,60,True
196,Confidence-Aware Hybrid A* (Ours),True,79,30.0,0.4222,0.9036,0.0301,30,True
196,Confidence-Aware Hybrid GBFS (Ours),True,70,32.0,0.3872,0.8980,0.0319,32,True
197,Classical A*,True,1203,18.0,0.0421,,,18,True
197,Paper Learned A*,True,80,18.0,0.4285,,,18,True
197,Paper Learned GBFS,True,22,18.0,0.1012,,,18,True
197,Fixed 50/50 Hybrid A*,True,41,18.0,0.2332,0.50,0.00,18,True
197,Fixed 50/50 Hybrid GBFS,True,34,20.0,0.2331,0.50,0.00,20,True
197,Confidence-Aware Hybrid A* (Ours),True,28,18.0,0.1835,0.8684,0.0411,18,True
197,Confidence-Aware Hybrid GBFS (Ours),True,33,24.0,0.2376,0.8422,0.0493,24,True
198,Classical A*,True,406,13.0,0.0340,,,13,True
198,Paper Learned A*,True,56,13.0,0.2798,,,13,True
198,Paper Learned GBFS,True,47,13.0,0.2390,,,13,True
198,Fixed 50/50 Hybrid A*,True,35,15.0,0.2394,0.50,0.00,15,True
198,Fixed 50/50 Hybrid GBFS,True,23,15.0,0.1670,0.50,0.00,15,True
198,Confidence-Aware Hybrid A* (Ours),True,64,15.0,0.3135,0.8364,0.0511,15,True
198,Confidence-Aware Hybrid GBFS (Ours),True,63,15.0,0.3592,0.8215,0.0558,15,True
199,Classical A*,True,6531,49.0,0.1075,,,49,True
199,Paper Learned A*,True,5006,49.0,16.9128,,,49,True
199,Paper Learned GBFS,True,3166,61.0,11.9801,,,61,True
199,Fixed 50/50 Hybrid A*,True,2006,49.0,10.3853,0.50,0.00,49,True
199,Fixed 50/50 Hybrid GBFS,True,5267,61.0,24.3574,0.50,0.00,61,True
199,Confidence-Aware Hybrid A* (Ours),True,2113,49.0,10.5000,0.8359,0.0513,49,True
199,Confidence-Aware Hybrid GBFS (Ours),True,4423,61.0,19.0684,0.8250,0.0547,61,True
200,Classical A*,True,731,20.0,0.0163,,,20,True
200,Paper Learned A*,True,114,20.0,0.4999,,,20,True
200,Paper Learned GBFS,True,87,20.0,0.3569,,,20,True
200,Fixed 50/50 Hybrid A*,True,73,20.0,0.4050,0.50,0.00,20,True
200,Fixed 50/50 Hybrid GBFS,True,65,22.0,0.4135,0.50,0.00,22,True
200,Confidence-Aware Hybrid A* (Ours),True,61,20.0,0.3578,0.8912,0.0340,20,True
200,Confidence-Aware Hybrid GBFS (Ours),True,26,20.0,0.1909,0.9034,0.0302,20,True
