state_id,map_id,is_on_path,h_star,h_class,raw_mean,raw_std,h_calibrated,sigma_calibrated,h_scaled,sigma_scaled,err_calibrated,err_scaled
1,1,True,15.0,5.0,133.34,198.64,9.3,1.41,25.0,0.0,5.7,10.0
2,1,True,14.0,4.0,132.71,198.96,9.22,1.42,10.0,20.0,4.78,4.0
3,1,True,13.0,3.0,132.43,199.42,9.19,1.42,10.0,20.0,3.81,3.0
4,1,True,12.0,3.0,134.73,198.9,9.47,1.41,50.0,0.0,2.53,38.0
5,1,True,11.0,3.0,134.76,199.34,9.48,1.39,45.0,6.12,1.52,34.0
6,1,True,10.0,3.0,134.11,199.12,9.4,1.38,30.0,6.32,0.6,20.0
7,1,True,9.0,3.0,132.7,198.96,9.22,1.4,11.67,8.5,0.22,2.67
8,1,True,8.0,2.0,132.45,198.64,9.19,1.41,11.43,13.25,1.19,3.43
9,1,True,7.0,1.0,131.82,198.25,9.11,1.46,7.5,7.29,2.11,0.5
10,1,True,6.0,1.0,132.71,198.48,9.22,1.45,16.67,9.94,3.22,10.67
11,1,True,5.0,1.0,130.39,198.69,8.93,1.43,0.0,0.0,3.93,5.0
12,1,True,4.0,1.0,129.07,198.84,8.77,1.42,0.0,0.0,4.77,4.0
13,1,True,3.0,1.0,128.29,198.54,8.68,1.44,0.0,0.0,5.68,3.0
14,1,True,2.0,1.0,126.85,198.31,8.5,1.45,0.0,0.0,6.5,2.0
15,1,True,1.0,1.0,123.07,198.97,8.03,1.44,0.0,0.0,7.03,1.0
16,1,True,0.0,0.0,120.6,198.5,7.72,1.36,0.0,0.0,7.72,0.0
17,1,False,14.0,4.0,132.71,198.96,9.22,1.42,30.0,6.43,4.78,16.0
18,1,False,14.0,5.0,135.8,198.48,9.61,1.38,48.82,1.44,4.39,34.82
19,1,False,15.0,4.0,136.93,198.32,9.75,1.37,50.0,0.0,5.25,35.0
20,1,False,13.0,3.0,132.43,199.42,9.19,1.42,22.63,4.28,3.81,9.63
21,1,False,12.0,3.0,134.73,198.9,9.47,1.41,41.0,2.55,2.53,29.0
22,1,False,14.0,3.0,136.18,198.48,9.65,1.42,47.62,1.51,4.35,33.62
23,1,False,13.0,3.0,132.43,199.42,9.19,1.42,19.55,3.69,3.81,6.55
24,1,False,13.0,3.0,137.83,198.62,9.86,1.38,49.57,0.87,3.14,36.57
25,1,False,11.0,3.0,134.76,199.34,9.48,1.39,38.33,2.5,1.52,27.33
26,1,False,12.0,3.0,134.73,198.9,9.47,1.41,35.6,2.94,2.53,23.6
27,1,False,10.0,3.0,134.11,199.12,9.4,1.38,30.77,3.22,0.6,20.77
28,1,False,9.0,3.0,132.7,198.96,9.22,1.4,21.11,4.91,0.22,12.11
29,1,False,11.0,3.0,134.76,199.34,9.48,1.39,37.5,2.99,1.52,26.5
30,1,False,11.0,3.0,135.93,199.33,9.62,1.38,44.83,3.08,1.38,33.83
31,1,False,10.0,3.0,134.11,199.12,9.4,1.38,28.33,2.79,0.6,18.33
32,1,False,12.0,4.0,136.56,198.28,9.7,1.4,45.81,2.19,2.3,33.81
33,1,False,8.0,2.0,132.45,198.64,9.19,1.41,16.88,7.42,1.19,8.88
34,1,False,9.0,2.0,134.17,198.65,9.4,1.38,29.7,7.34,0.4,20.7
35,1,False,9.0,2.0,135.95,198.76,9.62,1.48,42.65,4.26,0.62,33.65
36,1,False,9.0,2.0,134.61,198.28,9.46,1.43,32.57,8.45,0.46,23.57
37,1,False,7.0,1.0,131.82,198.25,9.11,1.46,11.94,3.69,2.11,4.94
38,1,False,6.0,1.0,132.71,198.48,9.22,1.45,17.3,6.07,3.22,11.3
39,1,False,8.0,1.0,133.42,198.25,9.31,1.52,24.21,10.21,1.31,16.21
40,1,False,6.0,1.0,131.42,198.19,9.06,1.48,10.26,3.14,3.06,4.26
41,1,False,7.0,1.0,131.82,198.25,9.11,1.46,11.75,3.41,2.11,4.75
42,1,False,5.0,1.0,130.39,198.69,8.93,1.43,6.34,0.49,3.93,1.34
43,1,False,7.0,1.0,133.37,198.64,9.3,1.49,25.71,6.72,2.3,18.71
44,2,True,23.0,11.0,217.44,203.21,19.74,1.45,50.0,0.0,3.26,27.0
45,2,True,22.0,10.0,216.1,203.59,19.57,1.46,48.86,0.0,2.43,26.86
46,2,True,21.0,9.0,215.46,203.6,19.49,1.47,47.78,0.0,1.51,26.78
47,2,True,20.0,8.0,214.8,203.97,19.41,1.48,47.17,0.87,0.59,27.17
48,2,True,19.0,7.0,213.6,203.93,19.26,1.49,45.74,0.0,0.26,26.74
49,2,True,18.0,7.0,214.68,204.31,19.39,1.52,46.46,1.25,1.39,28.46
50,2,True,17.0,7.0,213.95,204.26,19.3,1.51,45.51,1.22,2.3,28.51
51,2,True,16.0,7.0,212.56,203.88,19.13,1.54,43.0,0.0,3.13,27.0
52,2,True,15.0,7.0,209.17,204.36,18.71,1.5,42.16,0.0,3.71,27.16
53,2,True,14.0,6.0,208.62,204.03,18.64,1.47,41.54,0.38,4.64,27.54
54,2,True,13.0,5.0,207.86,204.34,18.55,1.44,40.57,0.0,5.55,27.57
55,2,True,12.0,4.0,207.68,204.31,18.53,1.4,40.19,0.74,6.53,28.19
56,2,True,11.0,3.0,207.14,204.57,18.46,1.42,39.09,0.0,7.46,28.09
57,2,True,10.0,3.0,208.45,204.48,18.62,1.43,41.43,0.91,8.62,31.43
58,2,True,9.0,3.0,208.8,204.37,18.66,1.44,41.93,0.66,9.66,32.93
59,2,True,8.0,3.0,208.83,204.62,18.67,1.46,42.24,0.94,10.67,34.24
60,2,True,7.0,3.0,207.33,204.65,18.48,1.44,37.46,0.63,11.48,30.46
61,2,True,6.0,3.0,206.18,204.39,18.34,1.4,35.83,0.0,12.34,29.83
62,2,True,5.0,3.0,204.35,204.64,18.11,1.41,35.25,0.0,13.11,30.25
63,2,True,4.0,2.0,203.39,204.78,17.99,1.42,34.84,0.32,13.99,30.84
64,2,True,3.0,1.0,203.1,204.82,17.96,1.4,34.29,0.32,14.96,31.29
65,2,True,2.0,1.0,201.97,204.62,17.82,1.43,33.59,0.0,15.82,31.59
66,2,True,1.0,1.0,198.32,204.86,17.36,1.48,33.08,0.0,16.36,32.08
67,2,True,0.0,0.0,196.62,204.97,17.15,1.38,32.73,0.3,17.15,32.73
68,2,False,24.0,11.0,220.04,203.3,20.06,1.42,50.0,0.0,3.94,26.0
69,2,False,22.0,10.0,216.1,203.59,19.57,1.46,47.35,0.88,2.43,25.35
70,2,False,21.0,9.0,215.46,203.6,19.49,1.47,45.94,0.87,1.51,24.94
71,2,False,23.0,10.0,222.07,203.42,20.31,1.44,50.0,0.0,2.69,27.0
72,2,False,20.0,8.0,214.8,203.97,19.41,1.48,44.65,0.56,0.59,24.65
73,2,False,22.0,9.0,219.97,203.53,20.05,1.46,48.89,0.34,1.95,26.89
74,2,False,20.0,8.0,216.88,203.94,19.67,1.49,46.85,0.82,0.33,26.85
75,2,False,21.0,8.0,216.81,203.72,19.66,1.46,46.76,0.79,1.34,25.76
76,2,False,19.0,7.0,213.6,203.93,19.26,1.49,40.0,0.0,0.26,21.0
77,2,False,21.0,8.0,218.93,203.77,19.92,1.43,48.16,0.26,1.08,27.16
78,2,False,18.0,7.0,214.68,204.31,19.39,1.52,41.69,1.56,1.39,23.69
79,2,False,20.0,7.0,213.99,203.91,19.31,1.5,40.0,1.04,0.69,20.0
80,2,False,20.0,8.0,215.29,203.88,19.47,1.47,43.29,0.51,0.53,23.29
81,2,False,20.0,7.0,215.86,203.7,19.54,1.46,44.38,0.79,0.46,24.38
82,2,False,19.0,7.0,213.6,203.93,19.26,1.49,37.16,0.25,0.26,18.16
83,2,False,17.0,7.0,213.95,204.26,19.3,1.51,39.51,1.61,2.3,22.51
84,2,False,19.0,7.0,216.69,203.94,19.64,1.49,45.78,0.85,0.64,26.78
85,2,False,16.0,7.0,212.56,203.88,19.13,1.54,35.12,0.0,3.13,19.12
86,2,False,18.0,7.0,214.68,204.31,19.39,1.52,40.24,1.95,1.39,22.24
87,2,False,15.0,7.0,209.17,204.36,18.71,1.5,32.91,0.59,3.71,17.91
88,2,False,17.0,7.0,214.28,203.82,19.34,1.49,39.89,1.13,2.34,22.89
89,2,False,17.0,7.0,213.95,204.26,19.3,1.51,38.07,1.72,2.3,21.07
90,2,False,16.0,7.0,212.56,203.88,19.13,1.54,33.71,0.0,3.13,17.71
91,2,False,14.0,6.0,208.62,204.03,18.64,1.47,30.78,1.14,4.64,16.78
92,2,False,16.0,7.0,211.27,204.0,18.97,1.47,33.52,0.0,2.97,17.52
93,2,False,15.0,6.0,210.32,203.7,18.85,1.5,33.15,0.0,3.85,18.15
94,2,False,13.0,5.0,207.86,204.34,18.55,1.44,28.39,0.53,5.55,15.39
95,2,False,15.0,6.0,209.75,204.15,18.78,1.43,32.98,0.58,3.78,17.98
96,3,True,10.0,4.0,143.51,198.44,10.56,0.68,22.63,0.0,0.56,12.63
97,3,True,9.0,3.0,141.63,198.81,10.33,0.66,22.19,0.42,1.33,13.19
98,3,True,8.0,2.0,142.6,198.9,10.45,0.66,22.58,0.51,2.45,14.58
99,3,True,7.0,2.0,142.59,198.57,10.45,0.7,22.45,0.56,3.45,15.45
100,3,True,6.0,2.0,142.08,198.64,10.39,0.66,22.12,0.49,4.39,16.12
101,3,True,5.0,2.0,139.82,198.95,10.1,0.69,20.4,1.71,5.1,15.4
102,3,True,4.0,1.0,138.57,198.41,9.95,0.66,18.12,2.78,5.95,14.12
103,3,True,3.0,1.0,137.21,198.62,9.78,0.71,15.69,4.71,6.78,12.69
104,3,True,2.0,1.0,136.36,198.76,9.68,0.72,12.91,5.38,7.68,10.91
105,3,True,1.0,1.0,133.71,199.02,9.35,0.72,7.02,6.87,8.35,6.02
106,3,True,0.0,0.0,131.07,198.5,9.02,0.78,5.52,7.48,9.02,5.52
107,3,False,11.0,4.0,144.74,198.85,10.72,0.7,25.47,0.0,0.28,14.47
108,3,False,9.0,3.0,141.63,198.81,10.33,0.66,22.71,0.37,1.33,13.71
109,3,False,10.0,4.0,145.62,198.81,10.82,0.64,25.83,0.19,0.82,15.83
110,3,False,10.0,3.0,143.94,198.72,10.62,0.65,25.23,0.41,0.62,15.23
111,3,False,8.0,2.0,142.6,198.9,10.45,0.66,23.82,0.46,2.45,15.82
112,3,False,9.0,2.0,143.8,198.82,10.6,0.63,25.41,0.46,1.6,16.41
113,3,False,7.0,2.0,142.59,198.57,10.45,0.7,23.3,0.71,3.45,16.3
114,3,False,8.0,3.0,143.32,198.34,10.54,0.61,24.78,1.25,2.54,16.78
115,3,False,6.0,2.0,142.08,198.64,10.39,0.66,22.37,0.55,4.39,16.37
116,3,False,8.0,2.0,142.6,198.9,10.45,0.66,23.57,0.7,2.45,15.57
117,3,False,5.0,2.0,139.82,198.95,10.1,0.69,19.74,1.48,5.1,14.74
118,3,False,7.0,2.0,142.59,198.57,10.45,0.7,23.42,1.06,3.45,16.42
119,3,False,6.0,2.0,142.08,198.64,10.39,0.66,22.12,0.68,4.39,16.12
120,3,False,6.0,2.0,141.13,198.88,10.27,0.73,21.18,1.08,4.27,15.18
121,3,False,4.0,1.0,138.57,198.41,9.95,0.66,16.83,2.35,5.95,12.83
122,3,False,5.0,1.0,140.83,197.95,10.23,0.7,21.24,1.98,5.23,16.24
123,3,False,3.0,1.0,137.21,198.62,9.78,0.71,14.43,3.99,6.78,11.43
124,3,False,3.0,1.0,139.89,197.92,10.11,0.69,19.51,1.97,7.11,16.51
125,3,False,4.0,1.0,138.57,198.41,9.95,0.66,16.61,2.3,5.95,12.61
126,3,False,2.0,1.0,136.36,198.76,9.68,0.72,11.44,4.43,7.68,9.44
127,3,False,4.0,1.0,139.21,198.9,10.03,0.69,18.81,1.08,6.03,14.81
128,3,False,3.0,1.0,139.89,197.92,10.11,0.69,19.92,2.08,7.11,16.92
129,3,False,1.0,1.0,133.71,199.02,9.35,0.72,6.09,5.58,8.35,5.09
130,3,False,3.0,1.0,137.21,198.62,9.78,0.71,14.5,3.83,6.78,11.5
131,3,False,2.0,1.0,136.36,198.76,9.68,0.72,11.38,4.26,7.68,9.38
132,3,False,2.0,1.0,135.81,199.15,9.61,0.74,10.69,3.7,7.61,8.69
133,4,True,28.0,6.0,168.21,199.75,13.63,0.72,30.3,0.0,14.37,2.3
134,4,True,27.0,5.0,166.46,199.61,13.41,0.74,30.08,0.0,13.59,3.08
135,4,True,26.0,4.0,165.28,199.83,13.26,0.72,29.85,0.0,12.74,3.85
136,4,True,25.0,3.0,164.73,199.84,13.2,0.73,29.63,0.0,11.8,4.63
137,4,True,24.0,3.0,167.24,199.81,13.51,0.68,30.44,0.15,10.49,6.44
138,4,True,23.0,3.0,167.4,199.92,13.53,0.71,30.51,0.18,9.47,7.51
139,4,True,22.0,3.0,167.08,199.85,13.49,0.72,30.14,0.27,8.51,8.14
140,4,True,21.0,3.0,166.64,199.84,13.43,0.71,29.78,0.27,7.57,8.78
141,4,True,20.0,3.0,166.06,199.62,13.36,0.78,29.43,0.48,6.64,9.43
142,4,True,19.0,3.0,166.29,199.79,13.39,0.79,29.72,0.88,5.61,10.72
143,4,True,18.0,3.0,163.05,199.38,12.99,0.68,28.17,0.0,5.01,10.17
144,4,True,17.0,2.0,161.35,198.89,12.78,0.71,27.97,0.0,4.22,10.97
145,4,True,16.0,2.0,162.15,199.31,12.88,0.69,28.12,0.22,3.12,12.12
146,4,True,15.0,2.0,160.26,199.67,12.64,0.62,27.66,0.14,2.36,12.66
147,4,True,14.0,3.0,161.2,198.85,12.76,0.63,27.74,0.31,1.24,13.74
148,4,True,13.0,3.0,159.67,198.84,12.57,0.63,27.28,0.14,0.43,14.28
149,4,True,12.0,3.0,159.49,199.2,12.55,0.64,27.16,0.17,0.55,15.16
150,4,True,11.0,3.0,158.27,199.37,12.39,0.64,26.85,0.0,1.39,15.85
151,4,True,10.0,3.0,156.05,199.41,12.12,0.69,26.67,0.0,2.12,16.67
152,4,True,9.0,2.0,155.83,199.81,12.09,0.69,26.56,0.13,3.09,17.56
153,4,True,8.0,1.0,153.14,199.96,11.76,0.64,26.32,0.0,3.76,18.32
154,4,True,7.0,1.0,152.93,200.18,11.73,0.58,26.27,0.16,4.73,19.27
155,4,True,6.0,1.0,155.11,200.19,12.0,0.61,26.75,0.26,6.0,20.75
156,4,True,5.0,1.0,154.15,200.46,11.88,0.59,26.52,0.13,6.88,21.52
157,4,True,4.0,1.0,153.83,200.45,11.84,0.57,26.28,0.2,7.84,22.28
158,4,True,3.0,1.0,153.66,200.73,11.82,0.58,26.11,0.53,8.82,23.11
159,4,True,2.0,1.0,151.66,200.57,11.57,0.59,25.32,0.0,9.57,23.32
160,4,True,1.0,1.0,145.53,200.96,10.81,0.61,23.21,2.7,9.81,22.21
161,4,True,0.0,0.0,145.03,200.77,10.75,0.59,22.69,2.81,10.75,22.69
162,4,False,29.0,6.0,169.57,199.82,13.8,0.71,33.85,0.0,15.2,4.85
163,4,False,27.0,5.0,166.46,199.61,13.41,0.74,31.85,0.53,13.59,4.85
164,4,False,28.0,5.0,168.15,199.54,13.62,0.71,33.44,0.48,14.38,5.44
165,4,False,26.0,4.0,165.28,199.83,13.26,0.72,30.61,0.15,12.74,4.61
166,4,False,28.0,5.0,170.85,199.49,13.95,0.73,34.24,0.0,14.05,6.24
167,4,False,25.0,4.0,167.3,199.86,13.51,0.68,32.35,0.41,11.49,7.35
168,4,False,25.0,3.0,164.73,199.84,13.2,0.73,29.64,0.0,11.8,4.64
169,4,False,27.0,4.0,169.07,199.55,13.73,0.72,33.93,0.0,13.27,6.93
170,4,False,24.0,3.0,167.24,199.81,13.51,0.68,32.25,0.53,10.49,8.25
171,4,False,26.0,3.0,169.48,199.96,13.79,0.74,34.12,0.26,12.21,8.12
172,4,False,25.0,3.0,164.73,199.84,13.2,0.73,28.95,0.0,11.8,3.95
173,4,False,23.0,3.0,167.4,199.92,13.53,0.71,32.56,0.41,9.47,9.56
174,4,False,25.0,3.0,168.82,199.82,13.7,0.71,33.93,0.14,11.3,8.93
175,4,False,22.0,3.0,167.08,199.85,13.49,0.72,31.55,0.61,8.51,9.55
176,4,False,24.0,3.0,167.24,199.81,13.51,0.68,31.71,0.7,10.49,7.71
177,4,False,21.0,3.0,166.64,199.84,13.43,0.71,30.4,0.44,7.57,9.4
178,4,False,23.0,3.0,167.4,199.92,13.53,0.71,32.37,0.52,9.47,9.37
179,4,False,22.0,3.0,167.08,199.85,13.49,0.72,31.18,0.77,8.51,9.18
180,4,False,20.0,3.0,166.06,199.62,13.36,0.78,29.44,0.84,6.64,9.44
181,4,False,22.0,4.0,169.3,199.54,13.76,0.69,34.72,0.3,8.24,12.72
182,4,False,19.0,3.0,166.29,199.79,13.39,0.79,29.94,1.76,5.61,10.94
183,4,False,21.0,3.0,166.64,199.84,13.43,0.71,29.84,0.64,7.57,8.84
184,4,False,18.0,3.0,163.05,199.38,12.99,0.68,26.72,0.11,5.01,8.72
185,4,False,20.0,3.0,166.06,199.62,13.36,0.78,29.08,0.91,6.64,9.08
186,5,True,27.0,7.0,175.79,198.66,14.57,0.26,34.43,3.03,12.43,7.43
187,5,True,26.0,6.0,174.8,198.59,14.45,0.28,34.03,3.58,11.55,8.03
188,5,True,25.0,6.0,176.57,198.46,14.67,0.29,34.97,2.11,10.33,9.97
189,5,True,24.0,6.0,179.29,198.6,15.0,0.32,36.12,0.11,9.0,12.12
190,5,True,23.0,6.0,178.13,198.68,14.86,0.27,35.56,0.85,8.14,12.56
191,5,True,22.0,6.0,175.11,198.47,14.48,0.33,33.63,3.13,7.52,11.63
192,5,True,21.0,6.0,173.4,198.46,14.27,0.32,33.14,3.48,6.73,12.14
193,5,True,20.0,5.0,171.1,198.62,13.99,0.33,32.6,3.32,6.01,12.6
194,5,True,19.0,4.0,169.47,198.69,13.78,0.34,31.97,3.38,5.22,12.97
195,5,True,18.0,3.0,167.53,198.95,13.54,0.26,30.31,3.59,4.46,12.31
196,5,True,17.0,3.0,166.39,198.81,13.4,0.22,29.28,4.18,3.6,12.28
197,5,True,16.0,2.0,163.37,199.17,13.03,0.25,26.79,3.76,2.97,10.79
198,5,True,15.0,3.0,169.7,199.42,13.81,0.21,32.54,3.74,1.19,17.54
199,5,True,14.0,3.0,168.68,199.33,13.69,0.24,32.12,3.72,0.31,18.12
200,5,True,13.0,3.0,167.21,199.45,13.5,0.27,30.95,3.72,0.5,17.95
201,5,True,12.0,2.0,166.39,199.3,13.4,0.22,29.5,3.61,1.4,17.5
202,5,True,11.0,2.0,165.71,199.63,13.32,0.21,28.31,3.28,2.32,17.31
203,5,True,10.0,2.0,165.77,199.17,13.33,0.26,28.81,3.48,3.33,18.81
204,5,True,9.0,2.0,164.47,199.0,13.16,0.25,26.85,3.41,4.16,17.85
205,5,True,8.0,2.0,162.18,199.58,12.88,0.17,24.95,3.04,4.88,16.95
206,5,True,7.0,1.0,160.65,199.04,12.69,0.19,23.95,2.55,5.69,16.95
207,5,True,6.0,1.0,162.29,198.93,12.89,0.22,25.49,3.18,6.89,19.49
208,5,True,5.0,1.0,162.08,198.89,12.87,0.23,25.22,2.49,7.87,20.22
209,5,True,4.0,1.0,161.79,198.95,12.83,0.2,25.05,3.31,8.83,21.05
210,5,True,3.0,1.0,160.17,198.84,12.63,0.2,23.11,2.26,9.63,20.11
211,5,True,2.0,1.0,158.8,199.79,12.46,0.15,22.29,1.76,10.46,20.29
212,5,True,1.0,1.0,158.28,199.74,12.4,0.12,21.99,1.62,11.4,20.99
213,5,True,0.0,0.0,155.78,200.2,12.09,0.15,21.23,1.23,12.09,21.23
214,5,False,28.0,7.0,177.04,198.94,14.72,0.23,36.62,1.18,13.28,8.62
215,5,False,26.0,6.0,174.8,198.59,14.45,0.28,34.77,3.14,11.55,8.77
216,5,False,25.0,6.0,176.57,198.46,14.67,0.29,36.09,1.89,10.33,11.09
217,5,False,27.0,6.0,178.63,198.5,14.92,0.29,37.5,0.6,12.08,10.5
218,5,False,26.0,6.0,174.8,198.59,14.45,0.28,34.29,3.1,11.55,8.29
219,5,False,24.0,6.0,179.29,198.6,15.0,0.32,37.71,0.11,9.0,13.71
220,5,False,24.0,6.0,176.65,198.38,14.68,0.32,35.75,2.26,9.32,11.75
221,5,False,26.0,6.0,177.99,198.63,14.84,0.29,37.18,0.23,11.16,11.18
222,5,False,25.0,6.0,176.57,198.46,14.67,0.29,35.48,1.8,10.33,10.48
223,5,False,23.0,6.0,178.13,198.68,14.86,0.27,36.98,0.82,8.14,13.98
224,5,False,24.0,6.0,176.65,198.38,14.68,0.32,35.2,2.28,9.32,11.2
225,5,False,22.0,6.0,175.11,198.47,14.48,0.33,33.71,2.58,7.52,11.71
226,5,False,24.0,6.0,179.29,198.6,15.0,0.32,37.87,0.11,9.0,13.87
227,5,False,23.0,6.0,175.4,198.53,14.52,0.29,33.89,2.37,8.48,10.89
228,5,False,21.0,6.0,173.4,198.46,14.27,0.32,32.6,2.98,6.73,11.6
229,5,False,23.0,6.0,178.13,198.68,14.86,0.27,36.89,0.8,8.14,13.89
230,5,False,20.0,5.0,171.1,198.62,13.99,0.33,31.66,2.76,6.01,11.66
231,5,False,22.0,6.0,175.11,198.47,14.48,0.33,33.35,2.56,7.52,11.35
232,5,False,19.0,4.0,169.47,198.69,13.78,0.34,30.61,2.78,5.22,11.61
233,5,False,21.0,5.0,177.24,198.52,14.75,0.36,36.55,0.87,6.25,15.55
234,5,False,21.0,5.0,174.29,198.57,14.38,0.33,32.96,1.68,6.62,11.96
235,5,False,18.0,3.0,167.53,198.95,13.54,0.26,28.46,2.94,4.46,10.46
236,5,False,20.0,4.0,173.01,198.35,14.22,0.35,32.34,2.13,5.78,12.34
237,5,False,19.0,3.0,169.55,198.65,13.79,0.26,30.51,3.02,5.21,11.51
238,5,False,19.0,3.0,171.57,198.95,14.04,0.24,31.69,3.09,4.96,12.69
239,5,False,17.0,3.0,166.39,198.81,13.4,0.22,26.76,3.59,3.6,9.76
240,6,True,19.0,6.0,150.29,199.53,11.4,0.94,17.41,0.55,7.6,1.59
241,6,True,18.0,7.0,150.05,199.94,11.37,0.91,17.29,0.53,6.63,0.71
242,6,True,17.0,8.0,148.88,199.05,11.23,0.91,17.1,0.38,5.77,0.1
243,6,True,16.0,8.0,149.82,199.2,11.35,0.93,17.48,0.53,4.65,1.48
244,6,True,15.0,8.0,149.32,199.41,11.28,0.9,17.16,0.38,3.72,2.16
245,6,True,14.0,7.0,149.53,199.0,11.31,0.93,17.46,0.35,2.69,3.46
246,6,True,13.0,7.0,147.86,198.91,11.1,0.93,16.61,0.24,1.9,3.61
247,6,True,12.0,7.0,145.2,199.11,10.77,0.9,15.45,1.1,1.23,3.45
248,6,True,11.0,7.0,144.71,198.87,10.71,0.88,15.18,1.34,0.29,4.18
249,6,True,10.0,7.0,143.0,198.64,10.5,0.87,13.83,1.72,0.5,3.83
250,6,True,9.0,6.0,140.47,199.18,10.19,0.98,11.73,2.64,1.19,2.73
251,6,True,8.0,5.0,142.34,199.28,10.42,1.01,13.44,2.43,2.42,5.44
252,6,True,7.0,5.0,141.98,199.35,10.37,1.0,13.31,2.34,3.37,6.31
253,6,True,6.0,4.0,140.98,198.98,10.25,1.04,12.46,2.59,4.25,6.46
254,6,True,5.0,3.0,139.46,199.13,10.06,0.98,11.03,2.48,5.06,6.03
255,6,True,4.0,3.0,136.74,200.03,9.72,0.98,7.76,3.98,5.72,3.76
256,6,True,3.0,2.0,134.73,200.5,9.47,0.99,5.92,3.66,6.47,2.92
257,6,True,2.0,1.0,135.54,200.4,9.57,0.98,6.09,3.98,7.57,4.09
258,6,True,1.0,1.0,134.6,200.9,9.46,0.97,5.37,4.34,8.46,4.37
259,6,True,0.0,0.0,133.04,200.52,9.26,0.96,4.46,4.52,9.26,4.46
260,6,False,18.0,7.0,150.05,199.94,11.37,0.91,19.34,0.63,6.63,1.34
261,6,False,20.0,6.0,152.33,200.05,11.66,0.93,20.65,0.87,8.34,0.65
262,6,False,19.0,7.0,154.66,199.49,11.95,0.99,21.65,1.04,7.05,2.65
263,6,False,17.0,8.0,148.88,199.05,11.23,0.91,18.51,0.4,5.77,1.51
264,6,False,19.0,7.0,151.91,200.02,11.6,0.93,20.49,0.96,7.4,1.49
265,6,False,18.0,8.0,151.55,199.25,11.56,0.91,20.53,0.9,6.44,2.53
266,6,False,16.0,9.0,151.49,198.98,11.55,0.96,20.6,1.38,4.45,4.6
267,6,False,16.0,8.0,149.82,199.2,11.35,0.93,19.02,0.6,4.65,3.02
268,6,False,16.0,8.0,147.79,199.52,11.09,0.87,17.75,0.14,4.91,1.75
269,6,False,15.0,8.0,149.32,199.41,11.28,0.9,18.58,0.48,3.72,3.58
270,6,False,17.0,8.0,148.88,199.05,11.23,0.91,18.29,0.42,5.77,1.29
271,6,False,16.0,8.0,149.82,199.2,11.35,0.93,19.26,0.62,4.65,3.26
272,6,False,16.0,8.0,147.94,199.41,11.11,0.94,17.86,0.61,4.89,1.86
273,6,False,14.0,7.0,149.53,199.0,11.31,0.93,19.26,0.46,2.69,5.26
274,6,False,15.0,7.0,149.16,198.69,11.26,0.91,18.79,0.96,3.74,3.79
275,6,False,13.0,7.0,147.86,198.91,11.1,0.93,17.45,0.32,1.9,4.45
276,6,False,15.0,7.0,150.28,198.98,11.4,0.9,20.29,0.52,3.6,5.29
277,6,False,14.0,7.0,149.53,199.0,11.31,0.93,19.35,0.48,2.69,5.35
278,6,False,14.0,7.0,148.12,198.63,11.13,0.94,17.73,0.56,2.87,3.73
279,6,False,12.0,7.0,145.2,199.11,10.77,0.9,15.76,1.0,1.23,3.76
280,6,False,11.0,6.0,145.6,199.93,10.82,0.93,15.99,1.65,0.18,4.99
281,6,False,11.0,7.0,144.71,198.87,10.71,0.88,15.46,1.19,0.29,4.46
282,6,False,13.0,7.0,147.86,198.91,11.1,0.93,17.58,0.35,1.9,4.58
283,6,False,12.0,7.0,145.2,199.11,10.77,0.9,15.67,1.0,1.23,3.67
284,6,False,10.0,7.0,143.0,198.64,10.5,0.87,13.78,1.45,0.5,3.78
285,6,False,10.0,6.0,145.64,199.08,10.83,0.99,16.02,1.4,0.83,6.02
286,6,False,11.0,7.0,144.71,198.87,10.71,0.88,15.47,1.19,0.29,4.47
287,6,False,9.0,6.0,140.47,199.18,10.19,0.98,11.29,2.28,1.19,2.29
288,7,True,29.0,8.0,159.53,197.8,12.55,0.48,25.19,0.61,16.45,3.81
289,7,True,28.0,7.0,158.14,198.1,12.38,0.5,24.69,0.55,15.62,3.31
290,7,True,27.0,7.0,157.31,198.24,12.28,0.48,24.15,0.96,14.72,2.85
291,7,True,26.0,7.0,156.39,198.77,12.16,0.44,23.55,1.01,13.84,2.45
292,7,True,25.0,7.0,153.21,198.5,11.77,0.47,21.79,2.17,13.23,3.21
293,7,True,24.0,6.0,152.86,199.05,11.72,0.42,21.68,2.07,12.28,2.32
294,7,True,23.0,5.0,152.56,198.84,11.69,0.48,21.74,2.2,11.31,1.26
295,7,True,22.0,4.0,151.3,198.15,11.53,0.44,20.61,2.4,10.47,1.39
296,7,True,21.0,3.0,150.11,198.53,11.38,0.42,19.9,2.45,9.62,1.1
297,7,True,20.0,3.0,150.36,198.4,11.41,0.44,20.14,2.49,8.59,0.14
298,7,True,19.0,4.0,149.79,199.22,11.34,0.33,19.73,2.56,7.66,0.73
299,7,True,18.0,4.0,149.93,199.07,11.36,0.33,19.8,2.47,6.64,1.8
300,7,True,17.0,4.0,149.53,199.07,11.31,0.36,19.26,2.41,5.69,2.26
301,7,True,16.0,4.0,146.9,198.73,10.98,0.37,17.4,2.44,5.02,1.4
302,7,True,15.0,4.0,146.47,199.22,10.93,0.38,17.04,2.4,4.07,2.04
303,7,True,14.0,4.0,148.4,199.09,11.17,0.37,18.71,2.23,2.83,4.71
304,7,True,13.0,4.0,149.01,199.16,11.25,0.38,19.24,2.21,1.75,6.24
305,7,True,12.0,4.0,146.87,199.35,10.98,0.37,17.47,2.33,1.02,5.47
306,7,True,11.0,5.0,146.0,199.16,10.87,0.43,16.82,2.42,0.13,5.82
307,7,True,10.0,6.0,146.17,199.27,10.89,0.37,16.7,2.45,0.89,6.7
308,7,True,9.0,5.0,145.97,198.32,10.87,0.45,16.71,2.55,1.87,7.71
309,7,True,8.0,4.0,145.3,198.49,10.79,0.43,16.36,2.54,2.79,8.36
310,7,True,7.0,4.0,144.83,198.88,10.73,0.43,15.66,2.37,3.73,8.66
311,7,True,6.0,4.0,142.95,198.98,10.49,0.37,13.39,3.29,4.49,7.39
312,7,True,5.0,3.0,143.12,199.06,10.51,0.4,13.73,3.28,5.51,8.73
313,7,True,4.0,3.0,141.47,199.35,10.31,0.37,11.83,2.6,6.31,7.83
314,7,True,3.0,3.0,139.76,199.07,10.1,0.44,9.78,3.29,7.1,6.78
315,7,True,2.0,2.0,138.24,199.8,9.91,0.39,7.61,3.23,7.91,5.61
316,7,True,1.0,1.0,136.79,199.22,9.73,0.49,5.52,3.14,8.73,4.52
317,7,True,0.0,0.0,135.63,198.62,9.59,0.47,4.34,3.67,9.59,4.34
318,7,False,23.0,5.0,152.56,198.84,11.69,0.48,23.69,2.01,11.31,0.69
319,7,False,24.0,5.0,156.62,198.54,12.19,0.45,25.82,1.06,11.81,1.82
320,7,False,22.0,4.0,151.3,198.15,11.53,0.44,22.41,2.28,10.47,0.41
321,7,False,24.0,5.0,152.83,199.18,11.72,0.45,23.78,1.82,12.28,0.22
322,7,False,23.0,4.0,154.55,198.46,11.93,0.44,24.83,2.16,11.07,1.83
323,7,False,21.0,3.0,150.11,198.53,11.38,0.42,21.21,2.19,9.62,0.21
324,7,False,23.0,5.0,152.67,199.24,11.7,0.32,23.75,2.2,11.3,0.75
325,7,False,20.0,3.0,150.36,198.4,11.41,0.44,21.45,2.3,8.59,1.45
326,7,False,22.0,3.0,149.94,198.63,11.36,0.44,21.11,2.05,10.64,0.89
327,7,False,21.0,3.0,150.47,198.21,11.43,0.45,21.78,2.18,9.57,0.78
328,7,False,21.0,3.0,150.11,198.53,11.38,0.42,21.07,2.14,9.62,0.07
329,7,False,19.0,4.0,149.79,199.22,11.34,0.33,21.01,2.53,7.66,2.01
330,8,True,33.0,7.0,228.31,199.23,21.08,1.27,49.79,0.43,11.92,16.79
331,8,True,32.0,6.0,227.49,199.19,20.98,1.23,49.64,0.42,11.02,17.64
332,8,True,31.0,6.0,225.98,199.11,20.79,1.26,49.31,0.79,10.21,18.31
333,8,True,30.0,6.0,223.11,199.15,20.44,1.28,48.61,1.87,9.56,18.61
334,8,True,29.0,5.0,222.12,199.76,20.32,1.36,48.32,2.24,8.68,19.32
335,8,True,28.0,5.0,222.81,199.72,20.4,1.3,48.5,1.87,7.6,20.5
336,8,True,27.0,5.0,221.22,199.53,20.2,1.3,47.97,2.19,6.8,20.97
337,8,True,26.0,5.0,220.72,200.05,20.14,1.34,47.89,2.22,5.86,21.89
338,8,True,25.0,5.0,220.43,199.64,20.11,1.3,47.54,2.7,4.89,22.54
339,8,True,24.0,5.0,219.19,199.51,19.95,1.31,47.25,2.69,4.05,23.25
340,8,True,23.0,5.0,217.55,199.38,19.75,1.32,46.87,2.79,3.25,23.87
341,8,True,22.0,5.0,217.52,199.52,19.75,1.32,46.79,2.81,2.25,24.79
342,8,True,21.0,5.0,215.7,199.45,19.52,1.28,46.22,2.69,1.48,25.22
343,8,True,20.0,5.0,215.94,199.57,19.55,1.27,46.32,2.71,0.45,26.32
344,8,True,19.0,5.0,214.33,199.77,19.35,1.28,45.63,2.56,0.35,26.63
345,8,True,18.0,4.0,212.65,199.83,19.14,1.24,44.77,2.51,1.14,26.77
346,8,True,17.0,3.0,211.55,199.89,19.0,1.25,44.09,2.15,2.0,27.09
347,8,True,16.0,2.0,209.78,200.07,18.79,1.25,43.03,1.72,2.79,27.03
348,8,True,15.0,2.0,210.46,199.48,18.87,1.27,43.49,1.97,3.87,28.49
349,8,True,14.0,2.0,211.18,199.71,18.96,1.21,43.97,2.19,4.96,29.97
350,8,True,13.0,2.0,210.58,200.0,18.88,1.17,43.18,1.81,5.88,30.18
351,8,True,12.0,2.0,209.98,200.28,18.81,1.21,42.74,1.75,6.81,30.74
352,8,True,11.0,2.0,207.97,200.48,18.56,1.2,41.88,1.51,7.56,30.88
353,8,True,10.0,2.0,204.94,200.38,18.18,1.19,40.65,0.94,8.18,30.65
354,8,True,9.0,1.0,203.53,201.18,18.01,1.17,40.0,0.43,9.01,31.0
355,8,True,8.0,2.0,208.06,201.34,18.57,1.15,41.69,1.12,10.57,33.69
356,8,True,7.0,2.0,207.81,201.93,18.54,1.2,41.52,1.07,11.54,34.52
357,8,True,6.0,2.0,205.92,202.04,18.31,1.18,40.7,1.1,12.31,34.7
358,8,True,5.0,2.0,205.93,201.72,18.31,1.22,40.62,1.02,13.31,35.62
359,8,True,4.0,2.0,203.27,201.38,17.98,1.2,39.5,0.43,13.98,35.5
360,8,True,3.0,1.0,202.01,201.48,17.82,1.23,39.25,0.27,14.82,36.25
361,8,True,2.0,1.0,202.09,201.79,17.83,1.19,39.14,0.22,15.83,37.14
362,8,True,1.0,1.0,200.1,202.12,17.58,1.19,38.7,0.23,16.58,37.7
363,8,True,0.0,0.0,198.02,201.87,17.33,1.22,38.51,0.14,17.33,38.51
364,8,False,31.0,6.0,225.98,199.11,20.79,1.26,49.23,0.72,10.21,18.23
365,8,False,30.0,6.0,223.11,199.15,20.44,1.28,48.38,1.67,9.56,18.38
366,8,False,31.0,6.0,225.98,199.11,20.79,1.26,49.1,0.71,10.21,18.1
367,8,False,29.0,5.0,222.12,199.76,20.32,1.36,47.84,2.07,8.68,18.84
368,8,False,28.0,5.0,222.81,199.72,20.4,1.3,48.12,1.72,7.6,20.12
369,8,False,30.0,5.0,225.1,200.09,20.69,1.34,48.75,1.35,9.31,18.75
370,8,False,29.0,5.0,222.12,199.76,20.32,1.36,47.48,2.07,8.68,18.48
371,8,False,27.0,5.0,221.22,199.53,20.2,1.3,47.03,1.96,6.8,20.03
372,8,False,29.0,5.0,223.75,199.78,20.52,1.28,48.33,1.59,8.48,19.33
373,8,False,28.0,5.0,222.81,199.72,20.4,1.3,47.72,1.69,7.6,19.72
374,8,False,26.0,5.0,220.72,200.05,20.14,1.34,46.6,1.99,5.86,20.6
375,8,False,28.0,5.0,221.86,199.72,20.28,1.31,47.38,1.77,7.72,19.38
376,8,False,25.0,5.0,220.43,199.64,20.11,1.3,46.13,2.48,4.89,21.13
377,8,False,25.0,5.0,221.78,199.71,20.27,1.38,47.15,1.57,4.73,22.15
378,8,False,27.0,5.0,221.22,199.53,20.2,1.3,46.39,1.92,6.8,19.39
379,8,False,26.0,5.0,220.72,200.05,20.14,1.34,46.11,1.97,5.86,20.11
380,8,False,24.0,5.0,219.19,199.51,19.95,1.31,45.3,2.4,4.05,21.3
381,8,False,24.0,5.0,220.87,199.43,20.16,1.33,45.95,2.59,3.84,21.95
382,8,False,25.0,5.0,220.43,199.64,20.11,1.3,45.7,2.48,4.89,20.7
383,8,False,23.0,5.0,217.55,199.38,19.75,1.32,44.55,2.45,3.25,21.55
384,8,False,23.0,5.0,220.35,199.41,20.1,1.33,45.67,2.55,2.9,22.67
385,10,True,15.0,6.0,169.85,203.37,13.83,0.41,30.34,3.5,1.17,15.34
386,10,True,14.0,6.0,170.14,203.07,13.87,0.37,30.68,3.18,0.13,16.68
387,10,True,13.0,6.0,169.5,203.07,13.79,0.38,30.13,3.3,0.79,17.13
388,10,True,12.0,5.0,169.54,203.15,13.79,0.38,30.13,3.31,1.79,18.13
389,10,True,11.0,4.0,169.7,203.53,13.81,0.41,30.08,3.42,2.81,19.08
390,10,True,10.0,4.0,168.3,203.51,13.64,0.41,29.1,3.57,3.64,19.1
391,10,True,9.0,4.0,165.31,203.69,13.27,0.42,27.21,3.73,4.27,18.21
392,10,True,8.0,3.0,167.63,203.01,13.56,0.34,28.31,3.57,5.56,20.31
393,10,True,7.0,3.0,164.99,203.02,13.23,0.33,27.14,3.49,6.23,20.14
394,10,True,6.0,2.0,164.11,202.91,13.12,0.32,26.77,3.46,7.12,20.77
395,10,True,5.0,2.0,163.28,203.07,13.02,0.34,26.37,3.66,8.02,21.37
396,10,True,4.0,2.0,161.57,203.25,12.8,0.35,25.54,3.71,8.8,21.54
397,10,True,3.0,2.0,160.61,203.11,12.69,0.34,24.8,3.9,9.69,21.8
398,10,True,2.0,2.0,158.89,203.37,12.47,0.38,23.3,3.74,10.47,21.3
399,10,True,1.0,1.0,157.46,203.11,12.29,0.35,21.98,3.13,11.29,20.98
400,10,True,0.0,0.0,155.93,202.83,12.1,0.31,20.88,2.93,12.1,20.88
401,10,False,16.0,6.0,170.58,203.05,13.92,0.37,31.48,3.08,2.08,15.47
402,10,False,14.0,6.0,170.14,203.07,13.87,0.37,31.12,3.02,0.13,17.12
403,10,False,16.0,7.0,171.38,203.28,14.02,0.37,31.92,3.09,1.98,15.92
404,10,False,15.0,6.0,169.85,203.37,13.83,0.41,30.62,3.45,1.17,15.62
405,10,False,13.0,6.0,169.5,203.07,13.79,0.38,30.27,3.11,0.79,17.27
406,10,False,12.0,5.0,169.54,203.15,13.79,0.38,30.32,3.19,1.79,18.32
407,10,False,14.0,6.0,170.12,202.97,13.86,0.38,31.16,3.16,0.14,17.16
408,10,False,14.0,6.0,168.97,203.11,13.72,0.37,29.56,3.22,0.28,15.56
409,10,False,14.0,6.0,170.14,203.07,13.87,0.37,31.1,2.94,0.13,17.1
410,10,False,11.0,4.0,169.7,203.53,13.81,0.41,30.29,3.23,2.81,19.29
411,10,False,13.0,5.0,170.52,203.21,13.91,0.4,31.46,3.38,0.91,18.46
412,10,False,13.0,5.0,169.49,203.23,13.79,0.39,29.98,3.26,0.79,16.98
413,10,False,13.0,5.0,170.15,203.35,13.87,0.41,31.14,3.44,0.87,18.14
414,10,False,16.0,5.0,174.28,203.36,14.38,0.4,33.83,2.56,1.62,17.83
415,10,False,12.0,4.0,170.18,203.34,13.87,0.39,30.68,3.1,1.87,18.68
416,10,False,10.0,4.0,168.3,203.51,13.64,0.41,28.58,3.48,3.64,18.58
417,10,False,12.0,4.0,170.19,203.55,13.87,0.42,30.89,3.38,1.87,18.89
418,10,False,9.0,4.0,165.31,203.69,13.27,0.42,26.35,3.54,4.27,17.35
419,10,False,11.0,4.0,169.4,203.5,13.78,0.4,29.76,3.31,2.78,18.76
420,10,False,11.0,4.0,168.45,203.25,13.66,0.38,28.64,3.29,2.66,17.64
421,10,False,11.0,4.0,169.7,203.53,13.81,0.41,30.14,3.17,2.81,19.14
422,10,False,10.0,4.0,166.23,203.37,13.38,0.38,26.79,3.23,3.38,16.79
423,10,False,10.0,4.0,168.3,203.51,13.64,0.41,28.39,3.47,3.64,18.39
424,10,False,10.0,3.0,166.65,203.18,13.43,0.36,26.95,3.31,3.43,16.95
425,10,False,8.0,3.0,167.63,203.01,13.56,0.34,27.5,3.25,5.56,19.5
426,10,False,9.0,3.0,168.11,203.26,13.62,0.38,28.24,3.55,4.62,19.24
427,10,False,9.0,3.0,168.38,203.18,13.65,0.36,28.52,2.87,4.65,19.52
428,10,False,7.0,3.0,164.99,203.02,13.23,0.33,25.76,3.18,6.23,18.76
429,10,False,8.0,3.0,166.11,202.9,13.37,0.32,26.36,3.24,5.37,18.36
430,10,False,8.0,3.0,167.34,203.33,13.52,0.38,27.48,3.49,5.52,19.48
431,10,False,6.0,2.0,164.11,202.91,13.12,0.32,25.19,3.14,7.12,19.19
432,10,False,8.0,3.0,167.63,203.01,13.56,0.34,27.52,3.18,5.56,19.52
433,10,False,7.0,2.0,165.23,202.59,13.26,0.28,25.67,2.95,6.26,18.67
434,10,False,5.0,2.0,163.28,203.07,13.02,0.34,24.57,3.33,8.02,19.57
435,10,False,7.0,2.0,165.89,202.93,13.34,0.35,26.24,3.3,6.34,19.24
436,13,True,20.0,6.0,191.04,203.44,16.46,0.59,37.82,0.15,3.54,17.82
437,13,True,19.0,6.0,191.33,203.36,16.5,0.59,37.87,0.17,2.5,18.87
438,13,True,18.0,6.0,189.35,203.6,16.25,0.63,37.62,0.11,1.75,19.62
439,13,True,17.0,5.0,188.12,203.2,16.1,0.55,37.53,0.13,0.9,20.53
440,13,True,16.0,4.0,185.7,202.89,15.8,0.48,37.27,0.18,0.2,21.27
441,13,True,15.0,4.0,185.06,202.85,15.72,0.5,37.18,0.18,0.72,22.18
442,13,True,14.0,4.0,184.73,203.07,15.68,0.51,37.03,0.38,1.68,23.03
443,13,True,13.0,4.0,184.36,203.04,15.63,0.52,36.9,0.39,2.63,23.9
444,13,True,12.0,4.0,182.21,203.19,15.37,0.55,36.43,1.01,3.37,24.43
445,13,True,11.0,4.0,182.19,202.93,15.36,0.51,36.42,0.77,4.36,25.42
446,13,True,10.0,4.0,182.67,202.83,15.42,0.52,36.56,0.65,5.42,26.56
447,13,True,9.0,4.0,183.15,203.09,15.48,0.57,36.66,0.64,6.48,27.66
448,13,True,8.0,4.0,182.3,203.45,15.38,0.62,36.13,1.02,7.38,28.13
449,13,True,7.0,4.0,179.84,203.1,15.07,0.58,35.27,1.2,8.07,28.27
450,13,True,6.0,5.0,179.53,203.12,15.03,0.59,35.35,1.22,9.03,29.35
451,13,True,5.0,4.0,178.59,202.96,14.92,0.59,34.89,1.33,9.92,29.89
452,13,True,4.0,3.0,176.85,203.2,14.7,0.55,34.06,1.97,10.7,30.06
453,13,True,3.0,2.0,174.95,202.96,14.46,0.52,33.08,2.73,11.46,30.08
454,13,True,2.0,2.0,174.45,203.05,14.4,0.57,32.63,3.16,12.4,30.63
455,13,True,1.0,1.0,172.95,203.65,14.22,0.59,31.98,3.42,13.22,30.98
456,13,True,0.0,0.0,171.25,203.56,14.01,0.6,30.55,4.58,14.01,30.55
457,13,False,19.0,6.0,191.33,203.36,16.5,0.59,38.29,0.16,2.5,19.29
458,13,False,18.0,6.0,189.35,203.6,16.25,0.63,37.92,0.09,1.75,19.92
459,13,False,20.0,6.0,191.04,203.44,16.46,0.59,38.1,0.14,3.54,18.1
460,13,False,19.0,6.0,191.23,203.32,16.48,0.64,38.26,0.25,2.52,19.26
461,13,False,19.0,6.0,191.33,203.36,16.5,0.59,38.24,0.16,2.5,19.24
462,13,False,17.0,5.0,188.12,203.2,16.1,0.55,37.53,0.17,0.9,20.53
463,13,False,18.0,5.0,190.75,203.25,16.42,0.58,38.03,0.38,1.58,20.03
464,13,False,18.0,5.0,191.03,203.48,16.46,0.55,37.99,0.46,1.54,19.99
465,13,False,18.0,5.0,192.27,203.0,16.61,0.53,38.58,0.36,1.39,20.58
466,13,False,16.0,4.0,185.7,202.89,15.8,0.48,36.9,0.17,0.2,20.9
467,13,False,15.0,4.0,185.06,202.85,15.72,0.5,36.67,0.17,0.72,21.67
468,13,False,17.0,4.0,188.04,202.4,16.09,0.48,37.39,0.26,0.91,20.39
469,13,False,14.0,4.0,184.73,203.07,15.68,0.51,36.39,0.35,1.68,22.39
470,13,False,16.0,4.0,185.7,202.89,15.8,0.48,36.8,0.17,0.2,20.8
471,13,False,16.0,4.0,187.45,202.64,16.01,0.51,37.23,0.1,0.01,21.23
472,13,False,14.0,4.0,184.99,202.95,15.71,0.49,36.39,0.36,1.71,22.39
473,13,False,13.0,4.0,184.36,203.04,15.63,0.52,36.0,0.43,2.63,23.0
474,13,False,15.0,4.0,185.06,202.85,15.72,0.5,36.36,0.22,0.72,21.36
475,13,False,15.0,4.0,186.38,202.68,15.88,0.55,37.07,0.13,0.88,22.07
476,13,False,13.0,4.0,183.48,203.14,15.52,0.53,35.47,0.59,2.52,22.47
477,13,False,12.0,4.0,182.21,203.19,15.37,0.55,34.87,1.0,3.37,22.87
478,13,False,14.0,4.0,184.73,203.07,15.68,0.51,36.04,0.36,1.68,22.04
479,13,False,12.0,4.0,183.39,203.32,15.51,0.55,35.38,0.76,3.51,23.38
480,13,False,13.0,4.0,184.36,203.04,15.63,0.52,35.82,0.48,2.63,22.82
481,13,False,13.0,4.0,184.74,203.06,15.68,0.55,36.38,0.56,2.68,23.38
482,13,False,11.0,4.0,182.19,202.93,15.36,0.51,34.59,0.74,4.36,23.59
483,13,False,12.0,4.0,183.39,203.32,15.51,0.55,35.19,0.75,3.51,23.19
484,13,False,12.0,4.0,182.21,203.19,15.37,0.55,34.41,1.01,3.37,22.41
485,13,False,10.0,4.0,182.67,202.83,15.42,0.52,34.77,0.53,5.42,24.77
486,15,True,21.0,10.0,211.76,200.16,19.03,0.45,43.67,3.16,1.97,22.67
487,15,True,20.0,9.0,209.53,200.88,18.75,0.45,42.82,2.82,1.25,22.82
488,15,True,19.0,9.0,209.98,200.38,18.81,0.43,42.92,2.88,0.19,23.92
489,15,True,18.0,9.0,208.56,200.5,18.63,0.43,42.36,2.81,0.63,24.36
490,15,True,17.0,8.0,206.82,200.49,18.42,0.47,41.7,2.63,1.42,24.7
491,15,True,16.0,7.0,205.51,200.39,18.26,0.44,41.35,2.49,2.26,25.35
492,15,True,15.0,6.0,206.24,200.47,18.35,0.48,41.38,2.4,3.35,26.38
493,15,True,14.0,6.0,204.79,200.51,18.17,0.48,40.93,2.38,4.17,26.93
494,15,True,13.0,5.0,203.64,200.05,18.02,0.43,40.47,2.19,5.02,27.47
495,15,True,12.0,5.0,204.42,200.4,18.12,0.48,40.61,2.3,6.12,28.61
496,15,True,11.0,5.0,205.3,200.61,18.23,0.51,41.01,2.35,7.23,30.01
497,15,True,10.0,5.0,203.62,200.85,18.02,0.5,40.24,2.02,8.02,30.24
498,15,True,9.0,5.0,201.74,201.05,17.79,0.46,39.52,1.54,8.79,30.52
499,15,True,8.0,5.0,199.86,200.9,17.55,0.46,38.98,1.27,9.55,30.98
500,15,True,7.0,5.0,197.7,200.6,17.29,0.47,38.66,1.02,10.29,31.66
501,15,True,6.0,4.0,196.4,200.5,17.13,0.48,38.26,0.65,11.13,32.26
502,15,True,5.0,3.0,195.61,200.49,17.03,0.5,38.02,0.5,12.03,33.02
503,15,True,4.0,2.0,194.24,200.8,16.86,0.53,37.69,0.66,12.86,33.69
504,15,True,3.0,1.0,192.72,201.43,16.67,0.57,37.36,0.76,13.67,34.36
505,15,True,2.0,1.0,192.5,201.43,16.64,0.51,37.3,0.72,14.64,35.3
506,15,True,1.0,1.0,190.09,201.25,16.34,0.52,36.69,0.82,15.34,35.69
507,15,True,0.0,0.0,188.07,201.5,16.09,0.54,36.19,0.84,16.09,36.19
